StartDate,EndDate,Status,IPAddress,Progress,Duration (in seconds),Finished,RecordedDate,ResponseId,RecipientLastName,RecipientFirstName,RecipientEmail,ExternalReference,LocationLatitude,LocationLongitude,DistributionChannel,UserLanguage,Consent_1,Consent_2,Consent_3,Consent_4,Consent_5,Consent_6,Consent_7,IDs_1,IDs_2,Cont_Timer_First Click,Cont_Timer_Last Click,Cont_Timer_Page Submit,Cont_Timer_Click Count,KM_P_1,KM_P_2,KM_P_3,KM_P_10,KM_P_4,KM_P_5,KM_P_6,KM_P_7,KM_P_8,KM_P_9,KM_P_11,KM_P_12,KM_P_DO,KM_CSR_1,KM_CSR_2,KM_CSR_3,KM_CSR_4,KM_CSR_DO,KM_P_1,KM_P_2,KM_P_3,KM_P_4,KM_P_DO,KM_PA_1,KM_L_1,KM_L_2,KM_L_3,KM_L_DO,PPI_5,PPI_7,PPI_8,PPRM_DO,SEP_Pre_1,SEP_Pre_2,SEP_Pre_3,SEP_Pre_DO,IOS_Pre,AttCheck,AttCheck_DO,PrevExp,FL_12_DO,"++KAMMUSTwoZickfeldetal.,2019_DO"
11/2/2022 13:53,11/2/2022 14:09,0,129.215.52.167,100,975,1,11/2/2022 14:09,R_pypYYKAhkyJbw1b,,,,,55.9489,-3.1632,anonymous,EN,1,1,1,1,1,1,1,2014,1027,0,0,212.431,0,1,1,1,1,1,1,1,1,1,1,1,1,KM_P_3|KM_P_2|KM_P_8|KM_P_11|KM_P_4|KM_P_12|KM_P_5|KM_P_10|KM_P_1|KM_P_7|KM_P_9|KM_P_6,4,4,4,4,4|2|3|1,4,4,2,4,1|3|2|4,4,2,2,2,1|3|2,,,,,,,,,,7,3|4|9|5|2|7|6,1,,KM_PA|KM_P|KM_CSR|KM_P|KM_L
11/2/2022 13:52,11/2/2022 14:11,0,129.215.52.229,100,1124,1,11/2/2022 14:11,R_r3jUdOSyUioxvs5,,,,,55.9489,-3.1632,anonymous,EN,1,1,1,1,1,1,1,2014,1028,0,0,213.147,0,1,1,1,1,1,1,1,1,1,7,5,3,KM_P_3|KM_P_1|KM_P_9|KM_P_11|KM_P_10|KM_P_5|KM_P_12|KM_P_8|KM_P_7|KM_P_6|KM_P_2|KM_P_4,3,2,1,1,1|2|3|4,1,1,4,1,2|1|3|4,5,5,1,1,1|3|2,,,,,,,,,,7,4|2|9|3|5|7|6,1,,KM_P|KM_PA|KM_CSR|KM_L|KM_P
11/2/2022 16:00,11/2/2022 16:05,0,129.215.52.167,100,325,1,11/2/2022 16:05,R_5A27iRU4ClsLeWl,,,,,55.9489,-3.1632,anonymous,EN,1,1,1,1,1,1,1,2040,1079,210.887,210.887,211.656,1,1,1,1,1,1,1,1,1,1,1,1,1,KM_P_4|KM_P_1|KM_P_2|KM_P_5|KM_P_8|KM_P_3|KM_P_7|KM_P_6|KM_P_9|KM_P_11|KM_P_12|KM_P_10,1,1,1,3,3|1|4|2,1,1,1,1,3|1|4|2,3,1,1,1,1|3|2,,,,,,,,,,7,3|7|2|4|9|5|6,1,,KM_CSR|KM_L|KM_P|KM_P|KM_PA
11/2/2022 15:59,11/2/2022 16:06,0,129.215.52.229,100,430,1,11/2/2022 16:06,R_cFOaEx3IKuPgeR3,,,,,55.9489,-3.1632,anonymous,EN,1,1,1,1,1,1,1,2040,1080,0,0,207.777,0,5,5,6,6,6,7,5,5,6,6,6,6,KM_P_1|KM_P_5|KM_P_2|KM_P_6|KM_P_8|KM_P_10|KM_P_11|KM_P_12|KM_P_3|KM_P_7|KM_P_4|KM_P_9,6,6,6,7,3|4|1|2,5,7,7,6,3|1|4|2,6,7,5,7,3|1|2,,,,,,,,,,7,9|5|3|2|4|7|6,1,,KM_CSR|KM_P|KM_P|KM_L|KM_PA
11/7/2022 15:58,11/7/2022 16:06,0,129.215.52.167,100,496,1,11/7/2022 16:06,R_3EhvwnCC6ii2B2K,,,,,55.9489,-3.1632,anonymous,EN,1,1,1,1,1,1,1,2068,1136,0,0,222.179,0,4,4,5,1,7,7,4,4,1,7,6,6,KM_P_12|KM_P_5|KM_P_3|KM_P_8|KM_P_7|KM_P_4|KM_P_6|KM_P_10|KM_P_11|KM_P_1|KM_P_2|KM_P_9,7,7,7,6,4|3|2|1,7,7,7,6,1|3|4|2,7,4,4,4,3|2|1,,,,,,,,,,7,7|3|5|9|4|2|6,1,,KM_CSR|KM_P|KM_P|KM_L|KM_PA
11/7/2022 15:58,11/7/2022 16:07,0,129.215.52.229,100,576,1,11/7/2022 16:07,R_eKwuLRyUXKp0Amd,,,,,55.9489,-3.1632,anonymous,EN,1,1,1,1,1,1,1,2068,1135,0,0,215.343,0,1,1,1,1,3,1,1,3,1,3,2,2,KM_P_5|KM_P_1|KM_P_10|KM_P_9|KM_P_6|KM_P_12|KM_P_11|KM_P_8|KM_P_3|KM_P_7|KM_P_4|KM_P_2,5,5,5,4,3|1|4|2,5,4,6,5,4|3|1|2,5,4,4,4,2|3|1,,,,,,,,,,7,7|2|3|9|4|5|6,1,,KM_P|KM_PA|KM_L|KM_CSR|KM_P
11/7/2022 17:00,11/7/2022 17:09,0,129.215.52.229,100,520,1,11/7/2022 17:09,R_7WFplM5PzHvpIjL,,,,,55.9489,-3.1632,anonymous,EN,1,1,1,1,1,1,1,2060,1120,0,0,213.543,0,2,2,5,4,4,4,2,2,2,5,2,2,KM_P_12|KM_P_9|KM_P_4|KM_P_7|KM_P_5|KM_P_6|KM_P_8|KM_P_11|KM_P_3|KM_P_2|KM_P_1|KM_P_10,1,1,1,2,4|1|3|2,2,2,3,2,1|4|2|3,3,2,2,2,2|3|1,,,,,,,,,,7,4|5|9|3|2|7|6,1,,KM_CSR|KM_L|KM_P|KM_P|KM_PA
11/7/2022 17:00,11/7/2022 17:10,0,129.215.52.167,100,553,1,11/7/2022 17:10,R_RsnktKTW8qVSi6B,,,,,55.9489,-3.1632,anonymous,EN,1,1,1,1,1,1,1,2060,1119,62.704,62.704,209.422,1,4,1,7,7,6,7,1,1,3,7,7,7,KM_P_5|KM_P_2|KM_P_1|KM_P_4|KM_P_8|KM_P_9|KM_P_6|KM_P_10|KM_P_7|KM_P_12|KM_P_11|KM_P_3,7,7,7,7,3|1|2|4,7,7,7,7,2|1|3|4,7,7,7,7,3|1|2,,,,,,,,,,7,3|5|4|7|2|9|6,1,,KM_PA|KM_P|KM_L|KM_CSR|KM_P
11/9/2022 11:20,11/9/2022 11:28,0,129.215.52.229,100,454,1,11/9/2022 11:28,R_3szxlNPasq8RQtf,,,,,55.9489,-3.1632,anonymous,EN,1,1,1,1,1,1,1,2030,1060,0,0,210.52,0,1,1,1,1,1,1,1,1,1,3,2,1,KM_P_12|KM_P_11|KM_P_7|KM_P_4|KM_P_9|KM_P_3|KM_P_6|KM_P_8|KM_P_5|KM_P_1|KM_P_10|KM_P_2,1,1,1,1,2|4|1|3,1,1,1,1,1|4|3|2,3,1,2,1,3|2|1,5,5,5,PPI_5|PPI_7|PPI_8,6,6,2,1|3|2,2,7,5|7|2|9|4|3|6,1,"PPRMotive(adaptedReisetal.,2018;Gableetal2012)|IOS(Aronetal.,1992)|SEPshort(adapted Lewandowski&Ackerman,2006)",KM_L|KM_P|KM_PA|KM_CSR|KM_P
11/9/2022 11:21,11/9/2022 11:28,0,129.215.52.167,100,447,1,11/9/2022 11:28,R_efgEAIym5c6Am0F,,,,,55.9489,-3.1632,anonymous,EN,1,1,1,1,1,1,1,2030,1059,0,0,220.109,0,1,1,1,1,1,1,1,1,1,2,1,1,KM_P_10|KM_P_1|KM_P_2|KM_P_6|KM_P_9|KM_P_7|KM_P_12|KM_P_5|KM_P_4|KM_P_3|KM_P_11|KM_P_8,2,1,1,4,4|1|3|2,3,3,3,3,3|1|2|4,4,5,2,1,1|2|3,5,5,5,PPI_8|PPI_7|PPI_5,7,7,1,2|1|3,4,7,7|4|3|9|5|2|6,1,"PPRMotive(adaptedReisetal.,2018;Gableetal2012)|SEPshort(adapted Lewandowski&Ackerman,2006)|IOS(Aronetal.,1992)",KM_P|KM_PA|KM_L|KM_P|KM_CSR
11/9/2022 13:47,11/9/2022 14:13,0,129.215.52.167,100,1576,1,11/9/2022 14:13,R_3L4EIASqmVyQilL,,,,,55.9489,-3.1632,anonymous,EN,1,1,1,1,1,1,1,2046,1091,0,0,207.838,0,1,1,1,1,1,1,1,1,1,1,1,2,KM_P_10|KM_P_4|KM_P_11|KM_P_2|KM_P_3|KM_P_1|KM_P_6|KM_P_5|KM_P_9|KM_P_12|KM_P_7|KM_P_8,1,1,1,2,1|4|3|2,2,2,6,5,3|4|1|2,4,1,1,1,3|2|1,5,5,5,PPI_7|PPI_8|PPI_5,5,7,1,1|2|3,4,7,7|5|9|3|2|4|6,1,"SEPshort(adapted Lewandowski&Ackerman,2006)|IOS(Aronetal.,1992)|PPRMotive(adaptedReisetal.,2018;Gableetal2012)",KM_P|KM_L|KM_PA|KM_P|KM_CSR
11/9/2022 13:46,11/9/2022 14:14,0,129.215.52.229,100,1690,1,11/9/2022 14:14,R_3qwIANZVL7da7ZL,,,,,55.9489,-3.1632,anonymous,EN,1,1,1,1,1,1,1,2046,1092,0,0,209.178,0,1,1,1,1,1,1,1,1,1,3,1,1,KM_P_5|KM_P_1|KM_P_2|KM_P_10|KM_P_9|KM_P_6|KM_P_12|KM_P_8|KM_P_3|KM_P_4|KM_P_11|KM_P_7,1,1,1,3,2|1|4|3,1,1,1,1,2|3|4|1,4,2,1,1,1|3|2,5,5,5,PPI_5|PPI_8|PPI_7,6,6,2,1|2|3,4,7,9|4|3|2|7|5|6,1,"IOS(Aronetal.,1992)|SEPshort(adapted Lewandowski&Ackerman,2006)|PPRMotive(adaptedReisetal.,2018;Gableetal2012)",KM_PA|KM_CSR|KM_P|KM_L|KM_P
11/9/2022 15:02,11/9/2022 15:14,0,129.215.52.167,100,695,1,11/9/2022 15:14,R_6icWoSkOvdCWMNP,,,,,55.9489,-3.1632,anonymous,EN,1,1,1,1,1,1,1,2044,1087,0,0,207.375,0,1,1,1,1,1,1,1,1,1,5,1,1,KM_P_12|KM_P_10|KM_P_8|KM_P_4|KM_P_9|KM_P_5|KM_P_2|KM_P_11|KM_P_7|KM_P_6|KM_P_1|KM_P_3,1,1,2,1,3|1|2|4,1,1,1,1,3|1|4|2,5,2,1,1,1|2|3,5,5,5,PPI_5|PPI_7|PPI_8,6,7,1,1|2|3,6,7,4|7|2|3|5|9|6,1,"IOS(Aronetal.,1992)|SEPshort(adapted Lewandowski&Ackerman,2006)|PPRMotive(adaptedReisetal.,2018;Gableetal2012)",KM_CSR|KM_L|KM_PA|KM_P|KM_P
11/9/2022 15:02,11/9/2022 15:16,0,129.215.52.229,100,853,1,11/9/2022 15:16,R_2ZElW7GRhSFhPjo,,,,,55.9489,-3.1632,anonymous,EN,1,1,1,1,1,1,1,2044,1088,0,0,209.085,0,1,1,1,1,1,1,1,1,1,4,1,1,KM_P_10|KM_P_1|KM_P_11|KM_P_3|KM_P_2|KM_P_4|KM_P_5|KM_P_9|KM_P_6|KM_P_12|KM_P_8|KM_P_7,4,4,4,4,2|3|1|4,4,4,4,4,1|3|2|4,4,1,1,1,3|1|2,5,5,5,PPI_7|PPI_5|PPI_8,6,6,2,1|2|3,4,7,5|4|2|7|3|9|6,1,"PPRMotive(adaptedReisetal.,2018;Gableetal2012)|SEPshort(adapted Lewandowski&Ackerman,2006)|IOS(Aronetal.,1992)",KM_P|KM_L|KM_PA|KM_P|KM_CSR
11/9/2022 17:07,11/9/2022 17:14,0,129.215.52.167,100,372,1,11/9/2022 17:14,R_shgt4xPZvpp1hn3,,,,,55.9489,-3.1632,anonymous,EN,1,1,1,1,1,1,1,2020,1039,16.326,16.326,232.902,1,1,1,1,1,1,1,1,1,1,5,1,2,KM_P_9|KM_P_5|KM_P_2|KM_P_4|KM_P_6|KM_P_10|KM_P_11|KM_P_3|KM_P_8|KM_P_1|KM_P_12|KM_P_7,1,1,1,1,3|1|4|2,1,1,1,1,3|1|2|4,4,2,1,1,3|2|1,5,5,5,PPI_5|PPI_7|PPI_8,6,7,2,1|3|2,4,7,5|7|3|4|9|2|6,1,"SEPshort(adapted Lewandowski&Ackerman,2006)|PPRMotive(adaptedReisetal.,2018;Gableetal2012)|IOS(Aronetal.,1992)",KM_L|KM_P|KM_PA|KM_CSR|KM_P
11/9/2022 17:07,11/9/2022 17:16,0,129.215.52.229,100,513,1,11/9/2022 17:16,R_3iUpnUWaj0z32ex,,,,,55.9489,-3.1632,anonymous,EN,1,1,1,1,1,1,1,2020,1040,0,0,206.597,0,1,1,1,1,1,1,1,1,1,5,1,1,KM_P_7|KM_P_10|KM_P_6|KM_P_2|KM_P_12|KM_P_11|KM_P_5|KM_P_9|KM_P_8|KM_P_3|KM_P_4|KM_P_1,1,1,1,1,2|3|4|1,1,1,2,1,1|3|4|2,6,1,1,1,2|3|1,5,5,5,PPI_5|PPI_8|PPI_7,6,7,2,1|3|2,6,7,5|9|7|2|3|4|6,1,"PPRMotive(adaptedReisetal.,2018;Gableetal2012)|SEPshort(adapted Lewandowski&Ackerman,2006)|IOS(Aronetal.,1992)",KM_P|KM_P|KM_PA|KM_L|KM_CSR
11/12/2022 12:59,11/12/2022 13:07,0,129.215.52.167,100,456,1,11/12/2022 13:07,R_zYDonYh2kC3B7BD,,,,,55.9489,-3.1632,anonymous,EN,1,1,1,1,1,1,1,2058,1115,0,0,274.992,0,1,1,1,1,1,1,1,1,1,1,1,1,KM_P_6|KM_P_4|KM_P_2|KM_P_3|KM_P_7|KM_P_1|KM_P_9|KM_P_10|KM_P_12|KM_P_5|KM_P_8|KM_P_11,1,1,1,1,3|1|4|2,1,1,1,1,3|2|1|4,1,1,1,1,3|1|2,4,4,4,PPI_7|PPI_8|PPI_5,5,6,1,1|2|3,6,7,7|4|9|5|2|3|6,1,"SEPshort(adapted Lewandowski&Ackerman,2006)|PPRMotive(adaptedReisetal.,2018;Gableetal2012)|IOS(Aronetal.,1992)",KM_P|KM_L|KM_CSR|KM_P|KM_PA
11/12/2022 12:59,11/12/2022 13:09,0,129.215.52.229,100,641,1,11/12/2022 13:09,R_3kaZuIUhtQUTVr7,,,,,55.9489,-3.1632,anonymous,EN,1,1,1,1,1,1,1,2058,1116,0,0,212.849,0,1,1,2,2,4,2,2,2,2,6,2,2,KM_P_4|KM_P_2|KM_P_3|KM_P_5|KM_P_1|KM_P_8|KM_P_6|KM_P_11|KM_P_9|KM_P_12|KM_P_7|KM_P_10,2,2,2,4,1|3|2|4,2,2,3,3,2|1|3|4,6,2,2,2,3|2|1,4,5,5,PPI_5|PPI_8|PPI_7,6,6,2,3|1|2,5,7,3|9|7|5|4|2|6,1,"IOS(Aronetal.,1992)|PPRMotive(adaptedReisetal.,2018;Gableetal2012)|SEPshort(adapted Lewandowski&Ackerman,2006)",KM_L|KM_CSR|KM_PA|KM_P|KM_P
11/16/2022 11:47,11/16/2022 12:11,0,129.215.52.229,100,1473,1,11/16/2022 12:11,R_3dYvON6GqwNwGaj,,,,,55.9489,-3.1632,anonymous,EN,1,1,1,1,1,1,1,2070,1140,0,0,208.384,0,3,2,3,1,3,2,3,3,5,5,3,6,KM_P_6|KM_P_9|KM_P_2|KM_P_4|KM_P_7|KM_P_11|KM_P_5|KM_P_8|KM_P_12|KM_P_3|KM_P_1|KM_P_10,3,4,2,2,2|1|4|3,3,4,4,5,2|1|4|3,4,4,3,2,1|2|3,5,5,5,PPI_7|PPI_8|PPI_5,7,6,2,1|3|2,4,7,9|5|2|7|4|3|6,1,"SEPshort(adapted Lewandowski&Ackerman,2006)|IOS(Aronetal.,1992)|PPRMotive(adaptedReisetal.,2018;Gableetal2012)",KM_L|KM_CSR|KM_PA|KM_P|KM_P
11/16/2022 11:54,11/16/2022 12:11,0,129.215.52.167,100,1045,1,11/16/2022 12:11,R_27vf7t2IaGnti7D,,,,,55.9489,-3.1632,anonymous,EN,1,1,1,1,1,1,1,2070,1139,0,0,209.474,0,1,1,1,1,1,1,1,1,1,1,1,1,KM_P_4|KM_P_3|KM_P_7|KM_P_8|KM_P_12|KM_P_2|KM_P_10|KM_P_11|KM_P_1|KM_P_5|KM_P_9|KM_P_6,1,1,1,1,1|3|4|2,1,2,2,1,3|2|4|1,2,1,1,1,3|1|2,5,5,5,PPI_5|PPI_7|PPI_8,6,6,2,3|1|2,4,7,7|4|9|3|2|5|6,1,"PPRMotive(adaptedReisetal.,2018;Gableetal2012)|SEPshort(adapted Lewandowski&Ackerman,2006)|IOS(Aronetal.,1992)",KM_P|KM_CSR|KM_L|KM_P|KM_PA
11/18/2022 11:42,11/18/2022 12:17,0,129.215.52.229,100,2123,1,11/18/2022 12:17,R_xuBGEm1j6XFVuQ9,,,,,55.9489,-3.1632,anonymous,EN,1,1,1,1,1,1,1,2106,1212,0,0,208.015,0,1,1,1,1,1,3,1,1,1,4,1,1,KM_P_2|KM_P_6|KM_P_12|KM_P_11|KM_P_9|KM_P_10|KM_P_1|KM_P_5|KM_P_4|KM_P_3|KM_P_7|KM_P_8,1,1,1,1,4|1|2|3,1,1,1,3,4|1|3|2,5,3,1,1,1|2|3,4,5,5,PPI_8|PPI_7|PPI_5,7,6,1,3|1|2,6,7,3|2|7|4|5|9|6,1,"IOS(Aronetal.,1992)|PPRMotive(adaptedReisetal.,2018;Gableetal2012)|SEPshort(adapted Lewandowski&Ackerman,2006)",KM_L|KM_P|KM_P|KM_PA|KM_CSR
11/18/2022 11:42,11/18/2022 12:18,0,129.215.52.167,100,2145,1,11/18/2022 12:18,R_2CECjwyOn0tdZQZ,,,,,55.9489,-3.1632,anonymous,EN,1,1,1,1,1,1,1,2106,1211,0,0,216.159,0,1,1,1,1,1,1,1,1,1,1,1,1,KM_P_8|KM_P_2|KM_P_3|KM_P_1|KM_P_11|KM_P_7|KM_P_6|KM_P_10|KM_P_9|KM_P_5|KM_P_4|KM_P_12,1,1,1,1,2|4|3|1,1,1,1,1,4|3|2|1,3,1,1,1,2|1|3,5,5,5,PPI_8|PPI_5|PPI_7,6,6,3,1|2|3,7,7,9|2|3|7|5|4|6,1,"IOS(Aronetal.,1992)|SEPshort(adapted Lewandowski&Ackerman,2006)|PPRMotive(adaptedReisetal.,2018;Gableetal2012)",KM_P|KM_PA|KM_P|KM_CSR|KM_L
11/18/2022 15:57,11/18/2022 16:05,0,129.215.52.167,100,476,1,11/18/2022 16:05,R_2R4XBuuiOIgQfbD,,,,,55.9489,-3.1632,anonymous,EN,1,1,1,1,1,1,1,2076,1152,0,0,240.231,0,1,1,1,1,1,1,1,1,1,1,1,1,KM_P_2|KM_P_1|KM_P_4|KM_P_6|KM_P_7|KM_P_11|KM_P_8|KM_P_3|KM_P_9|KM_P_12|KM_P_10|KM_P_5,2,2,3,4,1|2|3|4,1,1,1,1,3|1|4|2,4,1,1,1,1|3|2,5,5,5,PPI_7|PPI_5|PPI_8,7,7,1,1|3|2,5,7,5|9|3|7|2|4|6,1,"IOS(Aronetal.,1992)|SEPshort(adapted Lewandowski&Ackerman,2006)|PPRMotive(adaptedReisetal.,2018;Gableetal2012)",KM_CSR|KM_P|KM_P|KM_PA|KM_L
11/18/2022 15:56,11/18/2022 16:09,0,129.215.52.229,100,770,1,11/18/2022 16:09,R_2rwFk8UGb2MCOBc,,,,,55.9489,-3.1632,anonymous,EN,1,1,1,1,1,1,1,2076,1151,0,0,299.487,0,1,1,1,1,1,1,1,1,1,1,1,1,KM_P_8|KM_P_1|KM_P_5|KM_P_6|KM_P_12|KM_P_3|KM_P_11|KM_P_10|KM_P_7|KM_P_2|KM_P_4|KM_P_9,1,1,1,1,3|1|2|4,1,1,1,1,3|4|1|2,4,1,1,1,1|3|2,5,5,5,PPI_5|PPI_7|PPI_8,7,7,1,1|3|2,6,7,4|3|9|2|5|7|6,1,"SEPshort(adapted Lewandowski&Ackerman,2006)|IOS(Aronetal.,1992)|PPRMotive(adaptedReisetal.,2018;Gableetal2012)",KM_L|KM_P|KM_PA|KM_P|KM_CSR
11/19/2022 12:59,11/19/2022 13:09,0,129.215.52.167,100,585,1,11/19/2022 13:09,R_3qsuGnmmGz4j2Fi,,,,,55.9489,-3.1632,anonymous,EN,1,1,1,1,1,1,1,2048,1095,0,0,210.405,0,1,1,1,1,1,1,6,1,1,5,1,1,KM_P_2|KM_P_8|KM_P_9|KM_P_6|KM_P_3|KM_P_5|KM_P_10|KM_P_7|KM_P_12|KM_P_4|KM_P_1|KM_P_11,1,1,1,1,3|1|2|4,1,1,1,1,2|1|3|4,5,1,1,1,1|3|2,5,4,5,PPI_8|PPI_7|PPI_5,3,5,2,3|2|1,2,7,2|4|5|7|3|9|6,1,"SEPshort(adapted Lewandowski&Ackerman,2006)|IOS(Aronetal.,1992)|PPRMotive(adaptedReisetal.,2018;Gableetal2012)",KM_L|KM_CSR|KM_P|KM_PA|KM_P
11/19/2022 12:59,11/19/2022 13:10,0,129.215.52.229,100,702,1,11/19/2022 13:10,R_24oSGbFKIq1uOw5,,,,,55.9489,-3.1632,anonymous,EN,1,1,1,1,1,1,1,2048,1096,0,0,209.595,0,1,1,1,1,1,1,1,1,1,6,1,2,KM_P_2|KM_P_7|KM_P_9|KM_P_3|KM_P_1|KM_P_12|KM_P_5|KM_P_10|KM_P_11|KM_P_6|KM_P_8|KM_P_4,1,1,1,2,3|1|2|4,1,1,1,1,1|3|4|2,6,4,1,1,2|1|3,5,5,5,PPI_5|PPI_7|PPI_8,7,7,1,1|2|3,7,7,3|4|2|7|9|5|6,1,"IOS(Aronetal.,1992)|PPRMotive(adaptedReisetal.,2018;Gableetal2012)|SEPshort(adapted Lewandowski&Ackerman,2006)",KM_PA|KM_CSR|KM_P|KM_P|KM_L
11/21/2022 16:59,11/21/2022 17:05,0,129.215.52.229,100,365,1,11/21/2022 17:05,R_1o7vFxf36Pqizm6,,,,,55.9489,-3.1632,anonymous,EN,1,1,1,1,1,1,1,2116,1232,0,0,207.294,0,1,1,1,1,1,1,1,1,1,1,1,1,KM_P_5|KM_P_2|KM_P_11|KM_P_8|KM_P_9|KM_P_6|KM_P_10|KM_P_7|KM_P_1|KM_P_12|KM_P_3|KM_P_4,1,1,1,1,4|1|3|2,1,1,4,1,4|2|3|1,4,1,1,1,2|1|3,5,5,5,PPI_7|PPI_5|PPI_8,7,7,1,2|3|1,6,7,9|4|3|5|7|2|6,1,"IOS(Aronetal.,1992)|SEPshort(adapted Lewandowski&Ackerman,2006)|PPRMotive(adaptedReisetal.,2018;Gableetal2012)",KM_PA|KM_L|KM_P|KM_P|KM_CSR
11/21/2022 16:59,11/21/2022 17:05,0,129.215.52.167,100,362,1,11/21/2022 17:05,R_2qrs1IlvRTUAjsO,,,,,55.9489,-3.1632,anonymous,EN,1,1,1,1,1,1,1,2116,1231,207.375,207.375,208.571,1,1,1,1,1,1,1,1,1,1,1,1,1,KM_P_9|KM_P_12|KM_P_4|KM_P_5|KM_P_10|KM_P_3|KM_P_7|KM_P_6|KM_P_11|KM_P_1|KM_P_2|KM_P_8,1,1,1,1,4|2|1|3,1,1,1,1,3|4|2|1,4,2,1,1,2|1|3,5,5,5,PPI_5|PPI_7|PPI_8,7,7,1,1|3|2,5,7,7|9|4|3|5|2|6,1,"PPRMotive(adaptedReisetal.,2018;Gableetal2012)|SEPshort(adapted Lewandowski&Ackerman,2006)|IOS(Aronetal.,1992)",KM_L|KM_CSR|KM_P|KM_PA|KM_P
11/28/2022 16:00,11/28/2022 16:04,0,129.215.52.167,100,221,1,11/28/2022 16:04,R_3lsFFYukiWPWw5M,,,,,55.9489,-3.1632,anonymous,EN,1,1,1,1,1,1,1,2098,1196,0,0,57.928,0,,,,,,,,1,,,,,KM_P_7|KM_P_6|KM_P_3|KM_P_11|KM_P_2|KM_P_12|KM_P_5|KM_P_1|KM_P_10|KM_P_9|KM_P_8|KM_P_4,,,,5,3|2|1|4,,,,4,3|1|2|4,,,,,2|1|3,,,,PPI_7|PPI_8|PPI_5,,,,3|2|1,,,9|7|2|3|5|4|6,,"IOS(Aronetal.,1992)|SEPshort(adapted Lewandowski&Ackerman,2006)|PPRMotive(adaptedReisetal.,2018;Gableetal2012)",KM_PA|KM_L|KM_P|KM_P|KM_CSR
11/28/2022 16:00,11/28/2022 16:11,0,129.215.52.229,100,655,1,11/28/2022 16:11,R_2YPblL0hmkNWytL,,,,,55.9489,-3.1632,anonymous,EN,1,1,1,1,1,1,1,2098,1195,0,0,220.742,0,1,1,1,1,1,1,1,1,1,2,1,1,KM_P_9|KM_P_6|KM_P_7|KM_P_2|KM_P_3|KM_P_5|KM_P_11|KM_P_10|KM_P_8|KM_P_12|KM_P_4|KM_P_1,1,1,1,1,4|1|3|2,2,1,1,1,1|4|3|2,3,2,1,1,1|2|3,5,5,5,PPI_7|PPI_5|PPI_8,6,6,1,1|2|3,6,7,4|5|2|3|9|7|6,1,"IOS(Aronetal.,1992)|SEPshort(adapted Lewandowski&Ackerman,2006)|PPRMotive(adaptedReisetal.,2018;Gableetal2012)",KM_P|KM_PA|KM_P|KM_L|KM_CSR
11/28/2022 16:04,11/28/2022 16:11,0,129.215.52.167,100,428,1,11/28/2022 16:11,R_1Ed1e9zuClOb28U,,,,,55.9489,-3.1632,anonymous,EN,1,1,1,1,1,1,1,2098,1196,0,0,255.569,0,1,1,1,1,1,1,1,1,1,4,1,1,KM_P_8|KM_P_7|KM_P_11|KM_P_3|KM_P_5|KM_P_9|KM_P_10|KM_P_2|KM_P_1|KM_P_4|KM_P_6|KM_P_12,1,1,1,1,3|1|4|2,1,1,1,1,4|3|1|2,1,1,1,1,1|2|3,4,5,4,PPI_5|PPI_7|PPI_8,5,6,2,2|1|3,4,7,3|2|5|4|7|9|6,1,"PPRMotive(adaptedReisetal.,2018;Gableetal2012)|IOS(Aronetal.,1992)|SEPshort(adapted Lewandowski&Ackerman,2006)",KM_PA|KM_P|KM_L|KM_P|KM_CSR
12/2/2022 11:54,12/2/2022 12:09,0,129.215.52.167,100,911,1,12/2/2022 12:09,R_2wa8MlD6F0iEvHc,,,,,55.9489,-3.1632,anonymous,EN,1,1,1,1,1,1,1,2100,1199,0,0,212.888,0,1,1,1,1,1,1,1,1,1,1,1,1,KM_P_8|KM_P_7|KM_P_3|KM_P_9|KM_P_2|KM_P_4|KM_P_6|KM_P_12|KM_P_5|KM_P_10|KM_P_11|KM_P_1,1,1,1,2,4|3|2|1,1,1,1,1,1|4|3|2,1,1,1,1,2|1|3,5,5,5,PPI_8|PPI_7|PPI_5,7,7,1,3|1|2,5,7,7|9|3|4|5|2|6,1,"PPRMotive(adaptedReisetal.,2018;Gableetal2012)|SEPshort(adapted Lewandowski&Ackerman,2006)|IOS(Aronetal.,1992)",KM_PA|KM_L|KM_CSR|KM_P|KM_P
12/2/2022 11:53,12/2/2022 12:10,0,129.215.52.229,100,996,1,12/2/2022 12:10,R_1DGaCKH9EFXADAN,,,,,55.9489,-3.1632,anonymous,EN,1,1,1,1,1,1,1,2100,1200,0,0,207.298,0,1,1,1,1,2,2,1,1,1,5,2,1,KM_P_12|KM_P_1|KM_P_4|KM_P_5|KM_P_7|KM_P_3|KM_P_2|KM_P_6|KM_P_8|KM_P_9|KM_P_10|KM_P_11,1,1,1,1,3|4|2|1,1,1,1,1,4|1|2|3,4,3,1,2,1|3|2,5,5,5,PPI_7|PPI_5|PPI_8,7,7,1,2|3|1,4,7,3|4|5|7|2|9|6,1,"SEPshort(adapted Lewandowski&Ackerman,2006)|IOS(Aronetal.,1992)|PPRMotive(adaptedReisetal.,2018;Gableetal2012)",KM_PA|KM_L|KM_P|KM_P|KM_CSR
12/2/2022 16:29,12/2/2022 16:37,0,129.215.52.167,100,476,1,12/2/2022 16:37,R_3QLXwFmI1WhNfwz,,,,,55.9489,-3.1632,anonymous,EN,1,1,1,1,1,1,1,2074,1147,0,0,208.166,0,1,1,1,1,1,1,1,1,1,2,2,1,KM_P_12|KM_P_5|KM_P_9|KM_P_10|KM_P_11|KM_P_2|KM_P_8|KM_P_7|KM_P_4|KM_P_3|KM_P_6|KM_P_1,1,1,1,1,4|1|2|3,1,1,1,1,2|4|3|1,2,2,1,1,2|3|1,4,5,4,PPI_5|PPI_8|PPI_7,6,6,2,1|2|3,3,7,5|4|9|3|7|2|6,1,"PPRMotive(adaptedReisetal.,2018;Gableetal2012)|SEPshort(adapted Lewandowski&Ackerman,2006)|IOS(Aronetal.,1992)",KM_P|KM_L|KM_P|KM_CSR|KM_PA
12/2/2022 16:28,12/2/2022 16:39,0,129.215.52.229,100,654,1,12/2/2022 16:39,R_0N6LNl3RRQINj7b,,,,,55.9489,-3.1632,anonymous,EN,1,1,1,1,1,1,1,2074,1148,0,0,212.8,0,2,1,1,2,4,3,1,2,3,1,1,1,KM_P_2|KM_P_1|KM_P_9|KM_P_6|KM_P_12|KM_P_5|KM_P_3|KM_P_11|KM_P_4|KM_P_8|KM_P_7|KM_P_10,2,1,1,2,3|2|4|1,1,2,1,1,4|3|1|2,5,4,2,2,2|3|1,4,4,4,PPI_7|PPI_8|PPI_5,6,6,1,2|1|3,4,7,3|7|9|5|2|4|6,1,"IOS(Aronetal.,1992)|PPRMotive(adaptedReisetal.,2018;Gableetal2012)|SEPshort(adapted Lewandowski&Ackerman,2006)",KM_PA|KM_L|KM_P|KM_CSR|KM_P
12/3/2022 10:51,12/3/2022 11:17,0,129.215.52.229,100,1567,1,12/3/2022 11:17,R_xns0snIdd6keq5j,,,,,55.9489,-3.1632,anonymous,EN,1,1,1,1,1,1,1,2004,1008,0,0,216.642,0,6,2,5,1,5,5,1,5,1,6,5,1,KM_P_1|KM_P_11|KM_P_5|KM_P_10|KM_P_6|KM_P_7|KM_P_2|KM_P_4|KM_P_9|KM_P_3|KM_P_12|KM_P_8,6,6,6,6,3|4|2|1,6,6,6,6,2|1|3|4,6,5,6,5,2|3|1,5,5,5,PPI_5|PPI_8|PPI_7,7,7,1,2|3|1,6,7,2|4|7|9|3|5|6,1,"SEPshort(adapted Lewandowski&Ackerman,2006)|IOS(Aronetal.,1992)|PPRMotive(adaptedReisetal.,2018;Gableetal2012)",KM_CSR|KM_P|KM_P|KM_PA|KM_L
12/3/2022 10:50,12/3/2022 11:18,0,129.215.52.167,100,1651,1,12/3/2022 11:18,R_1DUzXbodo1ntz4y,,,,,55.9489,-3.1632,anonymous,EN,1,1,1,1,1,1,1,2004,1007,0,0,211.885,0,1,1,1,1,1,1,1,1,1,1,1,1,KM_P_7|KM_P_12|KM_P_2|KM_P_5|KM_P_8|KM_P_1|KM_P_11|KM_P_10|KM_P_6|KM_P_9|KM_P_3|KM_P_4,1,1,1,1,1|3|2|4,1,1,1,1,4|3|2|1,4,1,1,1,1|3|2,4,5,5,PPI_7|PPI_5|PPI_8,6,6,3,3|1|2,5,7,4|5|3|2|7|9|6,1,"PPRMotive(adaptedReisetal.,2018;Gableetal2012)|SEPshort(adapted Lewandowski&Ackerman,2006)|IOS(Aronetal.,1992)",KM_P|KM_P|KM_PA|KM_CSR|KM_L
12/8/2022 15:56,12/8/2022 16:10,0,129.215.52.167,100,873,1,12/8/2022 16:10,R_1jrGMHidxnXhI3R,,,,,55.9335,-3.254,anonymous,EN,1,1,1,1,1,1,1,2088,1175,0,0,213.787,0,1,1,1,1,1,1,1,1,1,1,1,1,KM_P_11|KM_P_8|KM_P_4|KM_P_6|KM_P_5|KM_P_9|KM_P_1|KM_P_7|KM_P_10|KM_P_2|KM_P_3|KM_P_12,1,1,1,1,2|3|4|1,1,1,1,1,3|2|4|1,4,1,1,1,3|1|2,5,5,5,PPI_7|PPI_5|PPI_8,7,7,1,2|1|3,5,7,5|9|2|7|4|3|6,1,"IOS(Aronetal.,1992)|SEPshort(adapted Lewandowski&Ackerman,2006)|PPRMotive(adaptedReisetal.,2018;Gableetal2012)",KM_P|KM_CSR|KM_PA|KM_L|KM_P
12/8/2022 15:47,12/8/2022 16:12,0,129.215.52.229,100,1517,1,12/8/2022 16:12,R_1K9pir8VwxCEYLU,,,,,55.9335,-3.254,anonymous,EN,1,1,1,1,1,1,1,2088,1176,0,0,213.763,0,1,1,5,3,1,2,1,1,1,5,4,1,KM_P_2|KM_P_3|KM_P_9|KM_P_5|KM_P_11|KM_P_8|KM_P_4|KM_P_7|KM_P_10|KM_P_12|KM_P_6|KM_P_1,2,1,1,1,4|1|3|2,1,1,1,1,1|2|3|4,6,6,5,3,2|3|1,5,5,5,PPI_8|PPI_7|PPI_5,7,7,1,2|3|1,6,7,7|2|9|4|3|5|6,1,"PPRMotive(adaptedReisetal.,2018;Gableetal2012)|SEPshort(adapted Lewandowski&Ackerman,2006)|IOS(Aronetal.,1992)",KM_L|KM_CSR|KM_P|KM_P|KM_PA
1/24/2023 16:07,1/24/2023 16:14,0,129.215.52.7,100,406,1,1/24/2023 16:14,R_1SbsLUpHqLvMHKx,,,,,55.9335,-3.254,anonymous,EN,1,1,1,1,1,1,1,2012,1023,0,0,210.597,0,5,1,5,3,3,5,5,5,2,5,4,4,KM_P_2|KM_P_7|KM_P_8|KM_P_12|KM_P_4|KM_P_6|KM_P_1|KM_P_3|KM_P_5|KM_P_11|KM_P_9|KM_P_10,2,1,1,2,1|4|3|2,4,4,4,4,3|1|4|2,4,1,1,1,1|2|3,5,5,5,PPI_5|PPI_8|PPI_7,6,6,1,3|2|1,5,7,9|5|7|2|3|4|6,1,"IOS(Aronetal.,1992)|PPRMotive(adaptedReisetal.,2018;Gableetal2012)|SEPshort(adapted Lewandowski&Ackerman,2006)",KM_PA|KM_L|KM_CSR|KM_P|KM_P
1/24/2023 16:07,1/24/2023 16:14,0,129.215.52.12,100,467,1,1/24/2023 16:14,R_SCttsFz7NrdYWCl,,,,,55.9335,-3.254,anonymous,EN,1,1,1,1,1,1,1,2012,1024,26.959,26.959,222.627,1,1,1,1,1,1,1,1,1,1,1,1,1,KM_P_12|KM_P_10|KM_P_8|KM_P_1|KM_P_11|KM_P_4|KM_P_5|KM_P_6|KM_P_9|KM_P_7|KM_P_2|KM_P_3,1,1,1,1,3|4|2|1,1,1,1,1,2|3|1|4,2,1,1,1,3|1|2,5,5,5,PPI_8|PPI_5|PPI_7,6,7,2,1|2|3,5,7,5|4|2|3|9|7|6,1,"IOS(Aronetal.,1992)|SEPshort(adapted Lewandowski&Ackerman,2006)|PPRMotive(adaptedReisetal.,2018;Gableetal2012)",KM_CSR|KM_P|KM_P|KM_L|KM_PA
1/25/2023 11:58,1/25/2023 12:05,0,129.215.52.7,100,395,1,1/25/2023 12:05,R_1JOrjt7xim5chWP,,,,,55.9335,-3.254,anonymous,EN,1,1,1,1,1,1,1,2002,1003,0,0,210.297,0,1,1,1,1,1,1,1,1,1,1,1,1,KM_P_6|KM_P_9|KM_P_1|KM_P_5|KM_P_2|KM_P_4|KM_P_10|KM_P_3|KM_P_11|KM_P_12|KM_P_7|KM_P_8,1,1,1,1,4|2|3|1,1,1,1,1,2|3|1|4,4,1,1,1,2|1|3,5,5,5,PPI_5|PPI_7|PPI_8,6,6,2,2|3|1,4,7,7|9|4|5|2|3|6,1,"SEPshort(adapted Lewandowski&Ackerman,2006)|IOS(Aronetal.,1992)|PPRMotive(adaptedReisetal.,2018;Gableetal2012)",KM_P|KM_P|KM_PA|KM_L|KM_CSR
1/25/2023 11:58,1/25/2023 12:07,0,129.215.52.12,100,548,1,1/25/2023 12:07,R_3F7fCyShRiE9vGx,,,,,55.9335,-3.254,anonymous,EN,1,1,1,1,1,1,1,2002,1004,55.525,55.525,213.328,1,1,1,1,1,1,1,1,1,1,5,1,1,KM_P_12|KM_P_7|KM_P_8|KM_P_6|KM_P_4|KM_P_9|KM_P_2|KM_P_1|KM_P_5|KM_P_11|KM_P_10|KM_P_3,1,1,1,1,4|3|2|1,1,1,3,1,1|2|4|3,4,3,1,1,3|1|2,4,5,5,PPI_5|PPI_7|PPI_8,6,7,1,1|3|2,6,7,7|5|2|4|3|9|6,1,"PPRMotive(adaptedReisetal.,2018;Gableetal2012)|IOS(Aronetal.,1992)|SEPshort(adapted Lewandowski&Ackerman,2006)",KM_L|KM_P|KM_PA|KM_CSR|KM_P
1/27/2023 10:48,1/27/2023 11:12,0,129.215.52.7,100,1396,1,1/27/2023 11:12,R_24N2PN0M6vtFg1K,,,,,55.9335,-3.254,anonymous,EN,1,1,1,1,1,1,1,2034,1067,0,0,217.508,0,1,1,1,1,1,1,1,1,1,1,1,1,KM_P_2|KM_P_8|KM_P_9|KM_P_12|KM_P_6|KM_P_10|KM_P_1|KM_P_5|KM_P_4|KM_P_3|KM_P_7|KM_P_11,1,1,1,1,4|2|1|3,1,1,1,1,2|1|3|4,2,1,1,1,3|1|2,4,4,4,PPI_5|PPI_7|PPI_8,6,7,1,2|3|1,4,7,4|7|5|9|3|2|6,1,"PPRMotive(adaptedReisetal.,2018;Gableetal2012)|IOS(Aronetal.,1992)|SEPshort(adapted Lewandowski&Ackerman,2006)",KM_L|KM_P|KM_PA|KM_P|KM_CSR
1/27/2023 10:39,1/27/2023 11:15,0,129.215.52.12,100,2152,1,1/27/2023 11:15,R_6qTSracWh8OTwhX,,,,,55.9335,-3.254,anonymous,EN,1,1,1,1,1,1,1,2034,1068,0,0,211.071,0,2,2,3,3,3,3,2,2,3,5,5,4,KM_P_6|KM_P_7|KM_P_3|KM_P_10|KM_P_12|KM_P_11|KM_P_1|KM_P_5|KM_P_4|KM_P_8|KM_P_2|KM_P_9,4,4,4,4,3|4|2|1,5,3,4,3,2|1|4|3,5,4,3,2,3|2|1,5,4,5,PPI_5|PPI_8|PPI_7,7,6,1,3|1|2,6,7,9|5|7|3|2|4|6,1,"SEPshort(adapted Lewandowski&Ackerman,2006)|PPRMotive(adaptedReisetal.,2018;Gableetal2012)|IOS(Aronetal.,1992)",KM_CSR|KM_P|KM_P|KM_PA|KM_L
1/27/2023 15:11,1/27/2023 15:23,0,129.215.52.12,100,717,1,1/27/2023 15:23,R_PGkJ0RcPvKS7gaJ,,,,,55.9335,-3.254,anonymous,EN,1,1,1,1,1,1,1,2096,1192,0,0,209.991,0,1,1,1,1,1,1,1,1,1,1,1,1,KM_P_2|KM_P_12|KM_P_7|KM_P_5|KM_P_11|KM_P_10|KM_P_3|KM_P_6|KM_P_8|KM_P_4|KM_P_9|KM_P_1,1,1,1,1,1|3|2|4,1,1,1,1,1|4|3|2,3,2,1,1,1|3|2,5,5,5,PPI_5|PPI_8|PPI_7,7,7,1,2|3|1,5,7,7|3|9|4|2|5|6,1,"SEPshort(adapted Lewandowski&Ackerman,2006)|PPRMotive(adaptedReisetal.,2018;Gableetal2012)|IOS(Aronetal.,1992)",KM_P|KM_P|KM_PA|KM_L|KM_CSR
1/27/2023 15:13,1/27/2023 15:26,0,129.215.52.7,100,759,1,1/27/2023 15:26,R_2TZd82kf0ABaXwV,,,,,55.9335,-3.254,anonymous,EN,1,1,1,1,1,1,1,2096,1191,0,0,213.141,0,1,1,1,1,1,1,1,1,1,4,2,1,KM_P_3|KM_P_6|KM_P_11|KM_P_12|KM_P_2|KM_P_4|KM_P_9|KM_P_8|KM_P_5|KM_P_10|KM_P_7|KM_P_1,1,1,1,1,4|3|2|1,2,2,3,1,3|1|4|2,3,2,1,1,1|2|3,5,5,5,PPI_7|PPI_5|PPI_8,7,7,1,1|2|3,6,7,3|4|2|9|5|7|6,1,"PPRMotive(adaptedReisetal.,2018;Gableetal2012)|SEPshort(adapted Lewandowski&Ackerman,2006)|IOS(Aronetal.,1992)",KM_P|KM_PA|KM_L|KM_CSR|KM_P
1/30/2023 17:04,1/30/2023 17:11,0,129.215.52.7,100,407,1,1/30/2023 17:11,R_0MX4fPDJC8sg4G5,,,,,55.9335,-3.254,anonymous,EN,1,1,1,1,1,1,1,2052,1103,0,0,210.761,0,1,1,1,1,1,1,1,1,1,2,1,1,KM_P_3|KM_P_2|KM_P_6|KM_P_1|KM_P_7|KM_P_10|KM_P_5|KM_P_9|KM_P_8|KM_P_11|KM_P_12|KM_P_4,1,1,1,1,2|3|1|4,1,1,1,1,3|2|1|4,3,1,1,1,2|3|1,5,5,5,PPI_8|PPI_7|PPI_5,5,4,3,2|3|1,5,7,9|2|5|4|3|7|6,1,"PPRMotive(adaptedReisetal.,2018;Gableetal2012)|IOS(Aronetal.,1992)|SEPshort(adapted Lewandowski&Ackerman,2006)",KM_P|KM_PA|KM_L|KM_P|KM_CSR
1/30/2023 17:04,1/30/2023 17:16,0,129.215.52.12,100,749,1,1/30/2023 17:16,R_2w0n9Vn0kF1Iptg,,,,,55.9335,-3.254,anonymous,EN,1,1,1,1,1,1,1,2052,1104,0,0,213.646,0,3,1,2,1,2,5,2,4,2,6,4,2,KM_P_1|KM_P_9|KM_P_8|KM_P_11|KM_P_3|KM_P_4|KM_P_12|KM_P_6|KM_P_5|KM_P_2|KM_P_10|KM_P_7,2,3,2,5,1|2|3|4,2,2,2,2,2|1|3|4,4,4,2,2,1|2|3,5,5,5,PPI_5|PPI_7|PPI_8,7,6,1,2|1|3,6,7,5|4|2|9|3|7|6,1,"PPRMotive(adaptedReisetal.,2018;Gableetal2012)|IOS(Aronetal.,1992)|SEPshort(adapted Lewandowski&Ackerman,2006)",KM_PA|KM_L|KM_CSR|KM_P|KM_P
1/31/2023 13:31,1/31/2023 14:09,0,129.215.52.12,100,2328,1,1/31/2023 14:09,R_3ESg6kKa23zQBy6,,,,,55.9335,-3.254,anonymous,EN,1,1,1,1,1,1,1,2110,1220,0,0,206.936,0,1,1,1,1,3,1,1,1,1,4,1,1,KM_P_8|KM_P_4|KM_P_9|KM_P_10|KM_P_7|KM_P_11|KM_P_3|KM_P_1|KM_P_6|KM_P_12|KM_P_2|KM_P_5,1,1,1,1,4|3|2|1,2,2,2,2,1|3|4|2,4,1,1,1,3|2|1,5,5,5,PPI_8|PPI_7|PPI_5,7,7,1,1|3|2,4,7,3|5|7|9|2|4|6,1,"PPRMotive(adaptedReisetal.,2018;Gableetal2012)|SEPshort(adapted Lewandowski&Ackerman,2006)|IOS(Aronetal.,1992)",KM_P|KM_L|KM_PA|KM_P|KM_CSR
1/31/2023 13:30,1/31/2023 14:13,0,129.215.52.7,100,2593,1,1/31/2023 14:14,R_9EpT9ckdoa4uMWB,,,,,55.9335,-3.254,anonymous,EN,1,1,1,1,1,1,1,2110,1219,0,0,210.249,0,1,1,1,1,1,1,1,1,1,1,1,1,KM_P_3|KM_P_10|KM_P_7|KM_P_11|KM_P_6|KM_P_12|KM_P_9|KM_P_2|KM_P_1|KM_P_4|KM_P_5|KM_P_8,1,1,1,1,2|4|3|1,4,1,1,1,1|4|3|2,1,1,1,1,2|3|1,5,5,5,PPI_8|PPI_5|PPI_7,7,7,1,2|3|1,4,7,7|5|3|4|9|2|6,1,"PPRMotive(adaptedReisetal.,2018;Gableetal2012)|SEPshort(adapted Lewandowski&Ackerman,2006)|IOS(Aronetal.,1992)",KM_P|KM_CSR|KM_PA|KM_L|KM_P
1/31/2023 16:08,1/31/2023 16:17,0,129.215.52.12,100,538,1,1/31/2023 16:17,R_2qksPTt6GwwPrPX,,,,,55.9335,-3.254,anonymous,EN,1,1,1,1,1,1,1,2084,1168,151.825,151.825,210.087,1,1,1,1,1,1,1,1,1,1,1,1,1,KM_P_7|KM_P_4|KM_P_12|KM_P_3|KM_P_9|KM_P_8|KM_P_1|KM_P_11|KM_P_5|KM_P_2|KM_P_6|KM_P_10,1,1,2,1,1|2|3|4,1,1,1,2,4|2|3|1,1,1,1,1,1|2|3,5,4,5,PPI_5|PPI_7|PPI_8,5,6,2,1|3|2,6,7,4|2|5|7|9|3|6,1,"PPRMotive(adaptedReisetal.,2018;Gableetal2012)|IOS(Aronetal.,1992)|SEPshort(adapted Lewandowski&Ackerman,2006)",KM_P|KM_CSR|KM_PA|KM_L|KM_P
1/31/2023 16:08,1/31/2023 16:18,0,129.215.52.7,100,603,1,1/31/2023 16:18,R_VUOi7n6AXZuYvg5,,,,,55.9335,-3.254,anonymous,EN,1,1,1,1,1,1,1,2084,1167,0,0,225.894,0,1,1,1,1,1,1,1,1,1,1,1,2,KM_P_8|KM_P_1|KM_P_10|KM_P_5|KM_P_7|KM_P_11|KM_P_12|KM_P_2|KM_P_9|KM_P_4|KM_P_3|KM_P_6,1,1,1,1,4|2|1|3,1,1,1,1,2|1|3|4,3,1,2,1,2|3|1,5,5,5,PPI_8|PPI_5|PPI_7,7,7,2,2|3|1,6,7,2|7|9|3|5|4|6,1,"SEPshort(adapted Lewandowski&Ackerman,2006)|PPRMotive(adaptedReisetal.,2018;Gableetal2012)|IOS(Aronetal.,1992)",KM_PA|KM_P|KM_L|KM_P|KM_CSR
2/4/2023 11:01,2/4/2023 11:14,0,129.215.52.7,100,778,1,2/4/2023 11:14,R_bDYFUzq3WF88ug9,,,,,55.9335,-3.254,anonymous,EN,1,1,1,1,1,1,1,2062,1124,0,0,233.587,0,1,1,1,1,3,1,1,1,1,6,2,2,KM_P_7|KM_P_6|KM_P_11|KM_P_8|KM_P_9|KM_P_2|KM_P_1|KM_P_5|KM_P_10|KM_P_4|KM_P_12|KM_P_3,1,1,1,1,1|4|2|3,2,3,2,2,2|4|3|1,4,4,2,1,2|3|1,5,5,5,PPI_7|PPI_5|PPI_8,7,7,1,2|1|3,4,7,9|3|2|7|4|5|6,1,"IOS(Aronetal.,1992)|PPRMotive(adaptedReisetal.,2018;Gableetal2012)|SEPshort(adapted Lewandowski&Ackerman,2006)",KM_P|KM_CSR|KM_PA|KM_L|KM_P
2/4/2023 10:59,2/4/2023 11:16,0,129.215.52.12,100,982,1,2/4/2023 11:16,R_2YmnthlMEaLPu9i,,,,,55.9335,-3.254,anonymous,EN,1,1,1,1,1,1,1,2062,1123,0,0,217.426,0,1,1,1,1,7,7,1,4,1,6,4,4,KM_P_10|KM_P_4|KM_P_3|KM_P_6|KM_P_12|KM_P_11|KM_P_7|KM_P_2|KM_P_9|KM_P_1|KM_P_5|KM_P_8,5,5,6,5,3|2|1|4,4,4,5,5,1|4|2|3,4,6,6,6,2|3|1,5,5,5,PPI_5|PPI_7|PPI_8,7,7,1,3|2|1,6,7,5|9|7|2|4|3|6,1,"PPRMotive(adaptedReisetal.,2018;Gableetal2012)|SEPshort(adapted Lewandowski&Ackerman,2006)|IOS(Aronetal.,1992)",KM_PA|KM_P|KM_CSR|KM_P|KM_L
2/4/2023 13:07,2/4/2023 13:18,0,129.215.52.12,100,679,1,2/4/2023 13:18,R_28UI8JrytKXr5tA,,,,,55.9335,-3.254,anonymous,EN,1,1,1,1,1,1,1,2126,1251,13.343,13.343,219.721,1,1,1,1,5,1,1,1,1,1,7,2,1,KM_P_9|KM_P_6|KM_P_4|KM_P_3|KM_P_8|KM_P_10|KM_P_12|KM_P_1|KM_P_2|KM_P_7|KM_P_5|KM_P_11,1,1,1,1,3|1|2|4,1,1,1,1,2|1|3|4,7,4,1,1,1|2|3,5,4,5,PPI_7|PPI_5|PPI_8,7,6,1,1|2|3,5,7,4|3|7|2|5|9|6,1,"SEPshort(adapted Lewandowski&Ackerman,2006)|IOS(Aronetal.,1992)|PPRMotive(adaptedReisetal.,2018;Gableetal2012)",KM_P|KM_PA|KM_L|KM_CSR|KM_P
2/4/2023 13:06,2/4/2023 13:21,0,129.215.52.7,100,936,1,2/4/2023 13:21,R_25zKM1irCkig8qi,,,,,55.9335,-3.254,anonymous,EN,1,1,1,1,1,1,1,2126,1252,0,0,239.948,0,1,1,1,1,1,1,1,1,1,5,1,1,KM_P_8|KM_P_3|KM_P_9|KM_P_6|KM_P_4|KM_P_1|KM_P_7|KM_P_10|KM_P_5|KM_P_12|KM_P_11|KM_P_2,1,1,1,1,3|1|4|2,2,1,1,1,2|4|3|1,5,3,1,1,3|1|2,5,5,5,PPI_8|PPI_5|PPI_7,7,7,1,2|1|3,5,7,7|3|2|5|4|9|6,1,"SEPshort(adapted Lewandowski&Ackerman,2006)|IOS(Aronetal.,1992)|PPRMotive(adaptedReisetal.,2018;Gableetal2012)",KM_L|KM_PA|KM_CSR|KM_P|KM_P
2/6/2023 16:03,2/6/2023 16:22,0,129.215.52.12,100,1106,1,2/6/2023 16:22,R_1FfcmVBa5Qe1j3h,,,,,55.9335,-3.254,anonymous,EN,1,1,1,1,1,1,1,2114,1228,0,0,210.972,0,1,1,1,1,1,1,1,1,1,1,1,1,KM_P_8|KM_P_6|KM_P_9|KM_P_2|KM_P_5|KM_P_3|KM_P_10|KM_P_11|KM_P_7|KM_P_4|KM_P_1|KM_P_12,1,1,1,1,2|1|4|3,1,1,1,1,3|2|1|4,4,1,1,1,2|1|3,5,5,5,PPI_8|PPI_7|PPI_5,6,7,1,1|3|2,3,7,3|5|7|4|2|9|6,1,"SEPshort(adapted Lewandowski&Ackerman,2006)|PPRMotive(adaptedReisetal.,2018;Gableetal2012)|IOS(Aronetal.,1992)",KM_PA|KM_CSR|KM_P|KM_P|KM_L
2/6/2023 16:14,2/6/2023 16:23,0,129.215.52.7,100,541,1,2/6/2023 16:23,R_2zXZysdssa1ESus,,,,,55.9335,-3.254,anonymous,EN,1,1,1,1,1,1,1,2114,1227,0,0,210.69,0,1,1,1,1,1,1,1,1,1,4,1,1,KM_P_1|KM_P_4|KM_P_12|KM_P_6|KM_P_10|KM_P_9|KM_P_5|KM_P_8|KM_P_3|KM_P_7|KM_P_11|KM_P_2,1,1,1,1,4|2|3|1,1,1,1,1,2|4|1|3,2,1,1,1,2|3|1,5,5,5,PPI_8|PPI_5|PPI_7,6,6,1,3|1|2,5,7,3|9|4|2|7|5|6,1,"IOS(Aronetal.,1992)|SEPshort(adapted Lewandowski&Ackerman,2006)|PPRMotive(adaptedReisetal.,2018;Gableetal2012)",KM_P|KM_CSR|KM_PA|KM_P|KM_L
2/11/2023 11:59,2/11/2023 12:13,0,129.215.52.12,100,812,1,2/11/2023 12:13,R_2WvwocjweWhpplg,,,,,55.9335,-3.254,anonymous,EN,1,1,1,1,1,1,1,2130,1259,0,0,220.055,0,1,1,1,1,2,1,1,1,1,2,1,1,KM_P_2|KM_P_1|KM_P_5|KM_P_11|KM_P_9|KM_P_10|KM_P_3|KM_P_6|KM_P_4|KM_P_7|KM_P_12|KM_P_8,1,1,1,1,2|4|3|1,1,1,1,1,3|1|2|4,2,1,1,1,1|2|3,5,5,4,PPI_5|PPI_8|PPI_7,6,6,2,2|1|3,4,7,2|7|4|9|5|3|6,1,"IOS(Aronetal.,1992)|SEPshort(adapted Lewandowski&Ackerman,2006)|PPRMotive(adaptedReisetal.,2018;Gableetal2012)",KM_P|KM_CSR|KM_PA|KM_L|KM_P
2/11/2023 12:01,2/11/2023 12:14,0,129.215.52.7,100,775,1,2/11/2023 12:14,R_10AGSM0t3m5cLmL,,,,,55.9335,-3.254,anonymous,EN,1,1,1,1,1,1,1,2130,1260,0,0,219.57,0,1,1,1,1,1,1,1,1,1,4,1,1,KM_P_10|KM_P_9|KM_P_6|KM_P_7|KM_P_3|KM_P_11|KM_P_5|KM_P_8|KM_P_4|KM_P_2|KM_P_12|KM_P_1,1,1,1,1,4|1|3|2,1,1,1,1,4|2|1|3,4,1,1,1,2|3|1,5,5,5,PPI_8|PPI_5|PPI_7,5,7,2,3|1|2,4,7,7|5|9|4|2|3|6,1,"PPRMotive(adaptedReisetal.,2018;Gableetal2012)|IOS(Aronetal.,1992)|SEPshort(adapted Lewandowski&Ackerman,2006)",KM_PA|KM_CSR|KM_P|KM_L|KM_P
2/13/2023 11:51,2/13/2023 12:14,0,129.215.52.7,100,1340,1,2/13/2023 12:14,R_DwLQfIB74hXZQ2d,,,,,55.9335,-3.254,anonymous,EN,1,1,1,1,1,1,1,2132,1264,0,0,213.084,0,1,1,1,1,1,1,1,1,1,1,1,1,KM_P_3|KM_P_4|KM_P_1|KM_P_2|KM_P_8|KM_P_7|KM_P_9|KM_P_5|KM_P_10|KM_P_11|KM_P_6|KM_P_12,1,1,1,1,3|4|1|2,1,1,3,1,2|4|1|3,4,1,1,1,3|1|2,5,5,5,PPI_8|PPI_5|PPI_7,6,6,2,3|2|1,4,7,4|7|3|9|2|5|6,1,"IOS(Aronetal.,1992)|PPRMotive(adaptedReisetal.,2018;Gableetal2012)|SEPshort(adapted Lewandowski&Ackerman,2006)",KM_P|KM_P|KM_L|KM_PA|KM_CSR
2/13/2023 11:49,2/13/2023 12:14,0,129.215.52.12,100,1507,1,2/13/2023 12:14,R_3fvLqQIKlunveUV,,,,,55.9335,-3.254,anonymous,EN,1,1,1,1,1,1,1,2132,1263,0,0,226.684,0,1,1,1,1,1,1,1,1,1,1,1,1,KM_P_3|KM_P_5|KM_P_1|KM_P_4|KM_P_7|KM_P_9|KM_P_10|KM_P_12|KM_P_6|KM_P_11|KM_P_8|KM_P_2,1,1,1,1,1|3|4|2,1,1,1,1,2|1|3|4,4,1,1,1,1|3|2,4,4,4,PPI_5|PPI_8|PPI_7,5,5,2,3|2|1,6,7,4|7|3|2|5|9|6,1,"SEPshort(adapted Lewandowski&Ackerman,2006)|PPRMotive(adaptedReisetal.,2018;Gableetal2012)|IOS(Aronetal.,1992)",KM_PA|KM_P|KM_P|KM_L|KM_CSR
2/14/2023 10:53,2/14/2023 11:13,0,129.215.52.7,100,1203,1,2/14/2023 11:13,R_3EoHw5RJMwoOCHA,,,,,55.9335,-3.254,anonymous,EN,1,1,1,1,1,1,1,2154,1308,0,0,209.003,0,1,1,1,1,1,1,1,1,1,2,1,1,KM_P_10|KM_P_2|KM_P_1|KM_P_5|KM_P_3|KM_P_11|KM_P_4|KM_P_8|KM_P_12|KM_P_6|KM_P_7|KM_P_9,1,1,1,1,2|4|1|3,1,1,1,1,2|4|1|3,4,1,1,1,1|3|2,5,5,5,PPI_5|PPI_7|PPI_8,7,7,1,1|3|2,6,7,7|5|4|9|3|2|6,1,"PPRMotive(adaptedReisetal.,2018;Gableetal2012)|SEPshort(adapted Lewandowski&Ackerman,2006)|IOS(Aronetal.,1992)",KM_CSR|KM_P|KM_L|KM_PA|KM_P
2/14/2023 10:51,2/14/2023 11:14,0,129.215.52.12,100,1412,1,2/14/2023 11:14,R_3HFZVurHg6CupAN,,,,,55.9335,-3.254,anonymous,EN,1,1,1,1,1,1,1,2154,1307,0,0,212.494,0,1,1,1,1,1,1,1,1,1,3,1,1,KM_P_2|KM_P_10|KM_P_5|KM_P_3|KM_P_12|KM_P_9|KM_P_7|KM_P_11|KM_P_6|KM_P_8|KM_P_4|KM_P_1,1,1,1,1,1|3|2|4,1,1,1,1,3|4|1|2,4,1,1,1,3|1|2,5,5,5,PPI_8|PPI_7|PPI_5,7,6,1,2|3|1,5,7,3|4|2|7|5|9|6,1,"PPRMotive(adaptedReisetal.,2018;Gableetal2012)|IOS(Aronetal.,1992)|SEPshort(adapted Lewandowski&Ackerman,2006)",KM_P|KM_PA|KM_L|KM_P|KM_CSR
2/17/2023 10:00,2/17/2023 10:01,0,129.215.52.12,100,19,1,2/17/2023 10:01,R_27WpGxe9puu1bqt,,,,,55.9335,-3.254,anonymous,EN,1,1,1,1,1,1,2,,,,,,,,,,,,,,,,,,,,,,,,,,,,,,,,,,,,,,,,,,,,,,,,
2/17/2023 10:01,2/17/2023 10:03,0,129.215.52.12,100,118,1,2/17/2023 10:03,R_z8Uq2weCK9TEAql,,,,,55.9335,-3.254,anonymous,EN,1,1,1,1,1,1,1,2999,1999,0,0,5.531,0,,,,,,,,,,,,,KM_P_9|KM_P_7|KM_P_1|KM_P_5|KM_P_4|KM_P_10|KM_P_6|KM_P_2|KM_P_12|KM_P_8|KM_P_11|KM_P_3,,,,,4|3|1|2,,,,,1|3|4|2,,,,,2|3|1,,,,PPI_8|PPI_5|PPI_7,,,,3|1|2,,,3|9|5|7|2|4|6,,"IOS(Aronetal.,1992)|PPRMotive(adaptedReisetal.,2018;Gableetal2012)|SEPshort(adapted Lewandowski&Ackerman,2006)",KM_CSR|KM_P|KM_L|KM_PA|KM_P
2/17/2023 10:06,2/17/2023 10:21,0,129.215.52.7,100,889,1,2/17/2023 10:21,R_1f7nNz0sNYPkVrH,,,,,55.9335,-3.254,anonymous,EN,1,1,1,1,1,1,1,2168,1335,0,0,211.797,0,1,1,1,1,1,1,1,1,1,1,1,1,KM_P_7|KM_P_12|KM_P_3|KM_P_8|KM_P_6|KM_P_10|KM_P_4|KM_P_2|KM_P_9|KM_P_5|KM_P_1|KM_P_11,1,1,1,1,3|1|4|2,1,1,1,1,2|4|3|1,4,5,1,1,2|3|1,5,5,5,PPI_5|PPI_7|PPI_8,6,6,2,2|3|1,6,7,5|4|2|9|3|7|6,1,"SEPshort(adapted Lewandowski&Ackerman,2006)|PPRMotive(adaptedReisetal.,2018;Gableetal2012)|IOS(Aronetal.,1992)",KM_P|KM_P|KM_L|KM_CSR|KM_PA
2/17/2023 10:03,2/17/2023 10:23,0,129.215.52.12,100,1202,1,2/17/2023 10:23,R_4USJL2EIVG5ZPyh,,,,,55.9335,-3.254,anonymous,EN,1,1,1,1,1,1,1,2168,1336,0,0,214.514,0,1,1,1,1,1,1,1,1,1,2,1,1,KM_P_5|KM_P_10|KM_P_4|KM_P_3|KM_P_1|KM_P_9|KM_P_7|KM_P_12|KM_P_6|KM_P_2|KM_P_11|KM_P_8,1,1,1,1,4|1|3|2,1,1,1,1,2|4|3|1,2,1,1,1,2|3|1,5,5,5,PPI_7|PPI_5|PPI_8,7,7,1,3|1|2,6,7,3|7|5|9|4|2|6,1,"PPRMotive(adaptedReisetal.,2018;Gableetal2012)|SEPshort(adapted Lewandowski&Ackerman,2006)|IOS(Aronetal.,1992)",KM_P|KM_P|KM_L|KM_CSR|KM_PA
2/18/2023 12:59,2/18/2023 13:07,0,129.215.52.7,100,452,1,2/18/2023 13:07,R_1o0Wsyaj2VVxgLF,,,,,55.9335,-3.254,anonymous,EN,1,1,1,1,1,1,1,2178,1355,0,0,212.929,0,1,1,1,1,1,1,1,1,1,1,1,1,KM_P_4|KM_P_5|KM_P_2|KM_P_8|KM_P_10|KM_P_7|KM_P_9|KM_P_12|KM_P_11|KM_P_1|KM_P_3|KM_P_6,1,1,1,1,4|2|3|1,1,1,1,1,4|1|2|3,3,1,1,1,1|2|3,5,5,5,PPI_8|PPI_7|PPI_5,6,6,2,3|1|2,5,7,5|3|7|9|4|2|6,1,"IOS(Aronetal.,1992)|PPRMotive(adaptedReisetal.,2018;Gableetal2012)|SEPshort(adapted Lewandowski&Ackerman,2006)",KM_CSR|KM_L|KM_PA|KM_P|KM_P
2/18/2023 12:59,2/18/2023 13:09,0,129.215.52.12,100,604,1,2/18/2023 13:09,R_3nNpVs2EZMmcmoS,,,,,55.9335,-3.254,anonymous,EN,1,1,1,1,1,1,1,2178,1356,62.141,62.141,224.19,1,1,1,1,1,1,1,1,1,1,4,2,1,KM_P_5|KM_P_1|KM_P_6|KM_P_11|KM_P_12|KM_P_8|KM_P_9|KM_P_10|KM_P_7|KM_P_4|KM_P_3|KM_P_2,2,2,1,2,1|4|3|2,2,1,1,1,4|2|1|3,5,4,1,2,2|1|3,5,5,5,PPI_8|PPI_5|PPI_7,6,6,1,2|1|3,5,7,2|7|9|5|3|4|6,1,"IOS(Aronetal.,1992)|SEPshort(adapted Lewandowski&Ackerman,2006)|PPRMotive(adaptedReisetal.,2018;Gableetal2012)",KM_P|KM_PA|KM_L|KM_P|KM_CSR
2/27/2023 12:04,2/27/2023 12:18,0,129.215.52.7,100,836,1,2/27/2023 12:18,R_bmaEnMsZzmI59pT,,,,,55.9335,-3.254,anonymous,EN,1,1,1,1,1,1,1,2176,1352,115.457,115.457,210.298,1,1,1,1,1,1,1,1,1,1,4,1,1,KM_P_4|KM_P_5|KM_P_9|KM_P_11|KM_P_6|KM_P_8|KM_P_1|KM_P_3|KM_P_2|KM_P_10|KM_P_12|KM_P_7,1,1,1,1,3|1|2|4,1,1,1,1,4|1|3|2,2,1,1,1,3|1|2,4,5,5,PPI_5|PPI_8|PPI_7,5,5,2,3|2|1,4,7,9|7|3|5|4|2|6,1,"SEPshort(adapted Lewandowski&Ackerman,2006)|IOS(Aronetal.,1992)|PPRMotive(adaptedReisetal.,2018;Gableetal2012)",KM_P|KM_L|KM_P|KM_CSR|KM_PA
2/27/2023 12:03,2/27/2023 12:18,0,129.215.52.12,100,884,1,2/27/2023 12:18,R_2djb5H5PxFUhGUx,,,,,55.9335,-3.254,anonymous,EN,1,1,1,1,1,1,1,2176,1351,0,0,211.299,0,1,1,1,1,2,4,1,1,1,4,2,4,KM_P_1|KM_P_9|KM_P_4|KM_P_5|KM_P_3|KM_P_2|KM_P_11|KM_P_10|KM_P_12|KM_P_6|KM_P_8|KM_P_7,3,3,2,5,4|2|1|3,1,1,1,1,1|2|3|4,5,6,3,3,1|2|3,5,5,5,PPI_5|PPI_8|PPI_7,7,7,1,3|1|2,5,7,4|9|2|7|5|3|6,1,"SEPshort(adapted Lewandowski&Ackerman,2006)|PPRMotive(adaptedReisetal.,2018;Gableetal2012)|IOS(Aronetal.,1992)",KM_PA|KM_L|KM_P|KM_CSR|KM_P
3/6/2023 11:59,3/6/2023 12:14,0,129.215.52.7,100,859,1,3/6/2023 12:14,R_1dzT26NNv8IqdfB,,,,,55.9335,-3.254,anonymous,EN,1,1,1,1,1,1,1,2196,1391,0,0,212.782,0,1,1,1,1,4,1,1,1,1,6,4,5,KM_P_7|KM_P_11|KM_P_2|KM_P_8|KM_P_6|KM_P_5|KM_P_1|KM_P_3|KM_P_10|KM_P_9|KM_P_12|KM_P_4,3,1,1,5,3|4|2|1,6,6,6,6,4|3|1|2,7,4,4,3,1|2|3,5,5,5,PPI_5|PPI_7|PPI_8,7,7,1,2|1|3,4,7,3|4|7|5|9|2|6,1,"PPRMotive(adaptedReisetal.,2018;Gableetal2012)|IOS(Aronetal.,1992)|SEPshort(adapted Lewandowski&Ackerman,2006)",KM_P|KM_P|KM_L|KM_CSR|KM_PA
3/6/2023 11:59,3/6/2023 12:14,0,129.215.52.12,100,917,1,3/6/2023 12:14,R_1rDpEowBsqGx1PL,,,,,55.9335,-3.254,anonymous,EN,1,1,1,1,1,1,1,2196,1392,0,0,218.608,0,1,1,1,1,1,2,1,1,1,2,2,2,KM_P_9|KM_P_11|KM_P_7|KM_P_6|KM_P_12|KM_P_1|KM_P_10|KM_P_5|KM_P_3|KM_P_2|KM_P_8|KM_P_4,1,1,1,1,1|3|4|2,1,1,1,1,2|4|3|1,2,2,2,2,1|2|3,5,5,5,PPI_7|PPI_8|PPI_5,6,6,2,3|2|1,4,7,7|2|5|4|9|3|6,1,"PPRMotive(adaptedReisetal.,2018;Gableetal2012)|SEPshort(adapted Lewandowski&Ackerman,2006)|IOS(Aronetal.,1992)",KM_L|KM_P|KM_PA|KM_P|KM_CSR
3/10/2023 11:01,3/10/2023 11:16,0,129.215.52.7,100,879,1,3/10/2023 11:16,R_3M0zqHCQU19hGBF,,,,,55.9335,-3.254,anonymous,EN,1,1,1,1,1,1,1,2149,1297,0,0,215.033,0,1,1,1,1,1,1,1,1,1,4,3,1,KM_P_1|KM_P_9|KM_P_6|KM_P_4|KM_P_12|KM_P_8|KM_P_5|KM_P_7|KM_P_2|KM_P_11|KM_P_3|KM_P_10,1,1,1,1,1|3|2|4,1,1,2,1,2|3|1|4,3,1,1,1,2|3|1,5,5,5,PPI_7|PPI_8|PPI_5,6,6,2,3|2|1,6,7,9|7|5|4|2|3|6,1,"SEPshort(adapted Lewandowski&Ackerman,2006)|IOS(Aronetal.,1992)|PPRMotive(adaptedReisetal.,2018;Gableetal2012)",KM_CSR|KM_L|KM_P|KM_PA|KM_P
3/10/2023 11:01,3/10/2023 11:18,0,129.215.52.12,100,1066,1,3/10/2023 11:18,R_33lpcPX5t67Ttqm,,,,,55.9335,-3.254,anonymous,EN,1,1,1,1,1,1,1,2149,1298,0,0,213.391,0,1,1,1,1,2,1,1,1,1,4,3,1,KM_P_11|KM_P_4|KM_P_6|KM_P_8|KM_P_7|KM_P_12|KM_P_1|KM_P_5|KM_P_9|KM_P_2|KM_P_3|KM_P_10,1,2,1,2,2|1|4|3,2,2,2,2,1|2|3|4,5,3,1,1,3|2|1,5,4,5,PPI_5|PPI_7|PPI_8,6,6,1,1|3|2,6,7,4|7|3|5|2|9|6,1,"PPRMotive(adaptedReisetal.,2018;Gableetal2012)|IOS(Aronetal.,1992)|SEPshort(adapted Lewandowski&Ackerman,2006)",KM_P|KM_PA|KM_L|KM_CSR|KM_P
