StartDate,EndDate,Status,IPAddress,Progress,Duration (in seconds),Finished,RecordedDate,ResponseId,RecipientLastName,RecipientFirstName,RecipientEmail,ExternalReference,LocationLatitude,LocationLongitude,DistributionChannel,UserLanguage,Consent_1,Consent_2,Consent_3,Consent_4,Consent_5,Consent_6,Consent_7,IDs_1,IDs_2,KM_Timer_First Click,KM_Timer_Last Click,KM_Timer_Page Submit,KM_Timer_Click Count,KM_P_1,KM_P_2,KM_P_3,KM_P_10,KM_P_4,KM_P_5,KM_P_6,KM_P_7,KM_P_8,KM_P_9,KM_P_11,KM_P_12,KM_P_DO,KM_CSR_1,KM_CSR_2,KM_CSR_3,KM_CSR_4,KM_CSR_DO,KM_P_1,KM_P_2,KM_P_3,KM_P_4,KM_P_DO,KM_PA_1,KM_L_1,KM_L_2,KM_L_3,KM_L_DO,PPI_5,PPI_7,PPI_8,PPRM_DO,IOS_Pre,SEP_Pre_1,SEP_Pre_2,SEP_Pre_3,SEP_Pre_DO,AttCheck,AttCheck_DO,PrevExp,FL_6_DO,"++KAMMUSTwoZickfeldetal.,2019_DO"
10/31/2022 17:00,10/31/2022 17:07,0,129.215.52.167,100,410,1,10/31/2022 17:07,R_1gBIgHnYVZtzH0T,,,,,55.9489,-3.1632,anonymous,EN,1,1,1,1,1,1,1,2035,1069,0,0,181.641,0,2,2,1,1,6,5,1,3,1,3,4,1,KM_P_2|KM_P_6|KM_P_7|KM_P_8|KM_P_9|KM_P_3|KM_P_12|KM_P_5|KM_P_11|KM_P_4|KM_P_10|KM_P_1,5,5,5,6,2|3|1|4,5,5,6,4,1|4|3|2,5,7,7,7,2|1|3,,,,,,,,,,3,5|3|4|2|9|7|6,1,,KM_CSR|KM_P|KM_L|KM_P|KM_PA
10/31/2022 17:00,10/31/2022 17:09,0,129.215.52.229,100,529,1,10/31/2022 17:09,R_1erdaajgUXuEXRV,,,,,55.9489,-3.1632,anonymous,EN,1,1,1,1,1,1,1,2035,1070,0,0,181.844,0,2,1,1,1,1,1,1,4,1,5,1,2,KM_P_1|KM_P_4|KM_P_11|KM_P_7|KM_P_8|KM_P_6|KM_P_9|KM_P_10|KM_P_5|KM_P_3|KM_P_2|KM_P_12,2,2,3,2,2|4|3|1,2,2,4,3,4|1|3|2,4,6,4,5,3|1|2,,,,,,,,,,3,7|5|2|4|9|3|6,2,,KM_P|KM_PA|KM_P|KM_CSR|KM_L
11/2/2022 11:05,11/2/2022 11:11,0,129.215.52.167,100,374,1,11/2/2022 11:11,R_12nmTFNWptWcFOM,,,,,55.9489,-3.1632,anonymous,EN,1,1,1,1,1,1,1,2031,1061,0,0,183.741,0,2,1,1,1,4,3,1,3,1,4,4,3,KM_P_9|KM_P_7|KM_P_1|KM_P_12|KM_P_3|KM_P_10|KM_P_4|KM_P_11|KM_P_6|KM_P_5|KM_P_2|KM_P_8,5,4,4,6,1|4|3|2,3,3,4,3,2|4|1|3,6,7,6,5,1|2|3,,,,,,,,,,3,4|3|2|9|5|7|6,1,,KM_CSR|KM_L|KM_P|KM_PA|KM_P
11/2/2022 11:04,11/2/2022 11:12,0,129.215.52.229,100,428,1,11/2/2022 11:12,R_1joGZMSiEwrfN9y,,,,,55.9489,-3.1632,anonymous,EN,1,1,1,1,1,1,1,2031,1062,0,0,183.047,0,1,1,1,1,4,4,1,1,1,5,4,3,KM_P_11|KM_P_1|KM_P_3|KM_P_7|KM_P_9|KM_P_10|KM_P_2|KM_P_12|KM_P_6|KM_P_5|KM_P_4|KM_P_8,2,1,2,4,3|2|1|4,4,2,5,2,4|3|1|2,6,6,4,4,1|2|3,,,,,,,,,,3,9|5|3|2|4|7|6,1,,KM_L|KM_PA|KM_P|KM_CSR|KM_P
11/2/2022 16:58,11/2/2022 17:05,0,129.215.52.229,100,441,1,11/2/2022 17:05,R_1DROw0vfNpWXe27,,,,,55.9489,-3.1632,anonymous,EN,1,1,1,1,1,1,1,1114,2057,0,0,182.614,0,6,3,1,1,1,6,5,6,1,1,1,1,KM_P_10|KM_P_3|KM_P_2|KM_P_12|KM_P_9|KM_P_6|KM_P_4|KM_P_5|KM_P_11|KM_P_1|KM_P_7|KM_P_8,6,2,1,7,3|2|4|1,5,1,5,2,2|1|3|4,4,5,2,5,1|2|3,,,,,,,,,,3,2|9|4|5|7|3|6,2,,KM_P|KM_CSR|KM_P|KM_L|KM_PA
11/2/2022 16:58,11/2/2022 17:06,0,129.215.52.167,100,444,1,11/2/2022 17:06,R_1dykaG1qyK5kEDk,,,,,55.9489,-3.1632,anonymous,EN,1,1,1,1,1,1,1,2057,1113,0,0,185.031,0,1,1,1,4,1,2,1,1,1,1,1,1,KM_P_6|KM_P_2|KM_P_4|KM_P_10|KM_P_3|KM_P_1|KM_P_5|KM_P_7|KM_P_9|KM_P_8|KM_P_11|KM_P_12,3,3,5,4,1|2|3|4,1,2,5,1,2|3|1|4,3,5,5,6,1|2|3,,,,,,,,,,3,2|7|3|5|9|4|6,1,,KM_CSR|KM_L|KM_P|KM_P|KM_PA
11/9/2022 10:11,11/9/2022 10:18,0,129.215.52.167,100,418,1,11/9/2022 10:18,R_4V1ketsTcGUIWdj,,,,,55.9489,-3.1632,anonymous,EN,1,1,1,1,1,1,1,2085,1169,0,0,187.171,0,5,1,1,1,6,5,5,6,5,4,1,1,KM_P_7|KM_P_12|KM_P_4|KM_P_8|KM_P_10|KM_P_9|KM_P_2|KM_P_5|KM_P_11|KM_P_3|KM_P_6|KM_P_1,4,4,4,4,4|3|1|2,1,4,1,1,4|2|1|3,6,6,6,6,2|1|3,5,5,5,PPI_7|PPI_8|PPI_5,4,4,6,1,1|3|2,3,4|9|7|3|2|5|6,2,"IOS|SEPshortadapted Lewandowski&Ackerman,2006|PPRMotive(adaptedReisetal.,2018)",KM_PA|KM_L|KM_CSR|KM_P|KM_P
11/9/2022 10:10,11/9/2022 10:20,0,129.215.52.229,100,587,1,11/9/2022 10:20,R_2tG8YExOVx5rBry,,,,,55.9489,-3.1632,anonymous,EN,1,1,1,1,1,1,1,2085,1170,0,0,179.913,0,2,1,1,3,2,4,1,1,1,1,1,2,KM_P_3|KM_P_8|KM_P_10|KM_P_1|KM_P_5|KM_P_4|KM_P_7|KM_P_9|KM_P_2|KM_P_11|KM_P_6|KM_P_12,4,4,6,5,1|4|2|3,2,2,3,2,3|2|1|4,5,5,4,4,2|1|3,5,5,5,PPI_7|PPI_8|PPI_5,4,7,7,1,3|1|2,3,2|4|3|9|7|5|6,1,"SEPshortadapted Lewandowski&Ackerman,2006|PPRMotive(adaptedReisetal.,2018)|IOS",KM_P|KM_CSR|KM_L|KM_P|KM_PA
11/11/2022 13:50,11/11/2022 14:09,0,129.215.52.229,100,1128,1,11/11/2022 14:09,R_10BmgggxrCZumNx,,,,,55.9489,-3.1632,anonymous,EN,1,1,1,1,1,1,1,2089,1178,0,0,179.268,0,1,1,1,1,6,6,1,4,1,5,1,1,KM_P_2|KM_P_6|KM_P_1|KM_P_4|KM_P_7|KM_P_3|KM_P_12|KM_P_10|KM_P_9|KM_P_8|KM_P_5|KM_P_11,7,7,7,6,1|3|2|4,6,6,1,1,3|1|2|4,7,7,6,7,2|1|3,5,5,5,PPI_5|PPI_8|PPI_7,5,7,7,1,2|1|3,3,4|2|7|5|3|9|6,1,"IOS|SEPshortadapted Lewandowski&Ackerman,2006|PPRMotive(adaptedReisetal.,2018)",KM_PA|KM_CSR|KM_P|KM_L|KM_P
11/11/2022 13:56,11/11/2022 14:10,0,129.215.52.167,100,810,1,11/11/2022 14:10,R_2WV85yXCw7RBTa6,,,,,55.9489,-3.1632,anonymous,EN,1,1,1,1,1,1,1,2089,1177,0,0,185.735,0,7,3,1,1,4,4,1,1,1,4,3,4,KM_P_2|KM_P_9|KM_P_12|KM_P_10|KM_P_11|KM_P_7|KM_P_8|KM_P_4|KM_P_1|KM_P_3|KM_P_6|KM_P_5,4,5,6,5,3|4|1|2,4,6,5,5,2|1|4|3,5,6,7,5,3|2|1,5,5,5,PPI_8|PPI_5|PPI_7,4,7,7,1,1|3|2,3,4|5|2|7|3|9|6,1,"IOS|PPRMotive(adaptedReisetal.,2018)|SEPshortadapted Lewandowski&Ackerman,2006",KM_L|KM_PA|KM_P|KM_P|KM_CSR
11/14/2022 16:01,11/14/2022 16:11,0,129.215.52.167,100,578,1,11/14/2022 16:11,R_tPTsT1cK9iJZB8l,,,,,55.9489,-3.1632,anonymous,EN,1,1,1,1,1,1,1,2093,1186,0,0,231.306,0,1,1,5,6,3,3,3,2,1,6,5,4,KM_P_4|KM_P_12|KM_P_5|KM_P_2|KM_P_11|KM_P_7|KM_P_9|KM_P_8|KM_P_1|KM_P_6|KM_P_10|KM_P_3,6,5,7,4,1|4|3|2,6,7,6,4,4|1|2|3,6,7,5,5,2|1|3,4,4,4,PPI_5|PPI_8|PPI_7,5,7,7,2,2|1|3,3,5|4|7|3|2|9|6,1,"IOS|PPRMotive(adaptedReisetal.,2018)|SEPshortadapted Lewandowski&Ackerman,2006",KM_P|KM_PA|KM_L|KM_CSR|KM_P
11/14/2022 16:01,11/14/2022 16:13,0,129.215.52.229,100,742,1,11/14/2022 16:13,R_1dFtQJZ69VMbNuh,,,,,55.9489,-3.1632,anonymous,EN,1,1,1,1,1,1,1,2093,1185,0,0,181.091,0,1,1,1,1,3,2,1,1,1,4,1,2,KM_P_6|KM_P_8|KM_P_9|KM_P_1|KM_P_3|KM_P_4|KM_P_12|KM_P_2|KM_P_7|KM_P_10|KM_P_5|KM_P_11,4,4,4,4,1|4|2|3,5,5,6,4,3|2|1|4,6,5,4,3,2|1|3,5,5,5,PPI_8|PPI_7|PPI_5,3,7,7,1,2|3|1,3,5|7|2|4|9|3|6,1,"SEPshortadapted Lewandowski&Ackerman,2006|IOS|PPRMotive(adaptedReisetal.,2018)",KM_P|KM_P|KM_L|KM_CSR|KM_PA
11/14/2022 17:08,11/14/2022 17:16,0,129.215.52.167,100,505,1,11/14/2022 17:16,R_OQenKk0B9Wmsb9D,,,,,55.9489,-3.1632,anonymous,EN,1,1,1,1,1,1,1,2079,1158,0,0,184.986,0,3,1,1,1,5,5,4,3,2,5,4,1,KM_P_2|KM_P_5|KM_P_10|KM_P_11|KM_P_4|KM_P_7|KM_P_9|KM_P_3|KM_P_12|KM_P_1|KM_P_8|KM_P_6,5,5,4,6,3|4|1|2,5,6,6,3,4|2|3|1,7,7,4,6,1|3|2,5,5,5,PPI_8|PPI_7|PPI_5,5,6,6,2,2|3|1,3,5|2|7|9|3|4|6,1,"SEPshortadapted Lewandowski&Ackerman,2006|IOS|PPRMotive(adaptedReisetal.,2018)",KM_CSR|KM_P|KM_L|KM_PA|KM_P
11/14/2022 17:07,11/14/2022 17:17,0,129.215.52.229,100,567,1,11/14/2022 17:17,R_2TBmX7Z1wiAyrEY,,,,,55.9489,-3.1632,anonymous,EN,1,1,1,1,1,1,1,2079,1157,0,0,187.534,0,4,2,1,4,6,5,2,1,3,5,5,3,KM_P_1|KM_P_10|KM_P_11|KM_P_3|KM_P_7|KM_P_4|KM_P_8|KM_P_2|KM_P_9|KM_P_12|KM_P_5|KM_P_6,3,2,4,3,4|3|1|2,4,6,5,4,1|3|2|4,6,6,6,6,2|1|3,5,5,5,PPI_8|PPI_7|PPI_5,5,5,6,2,2|1|3,3,2|3|9|7|4|5|6,1,"IOS|PPRMotive(adaptedReisetal.,2018)|SEPshortadapted Lewandowski&Ackerman,2006",KM_L|KM_P|KM_PA|KM_P|KM_CSR
11/16/2022 17:02,11/16/2022 17:09,0,129.215.52.229,100,447,1,11/16/2022 17:09,R_UJTCSOsAwUz4uRz,,,,,55.9489,-3.1632,anonymous,EN,1,1,1,1,1,1,1,2083,1166,0,0,179.864,0,1,1,1,1,3,2,1,3,1,4,2,3,KM_P_1|KM_P_7|KM_P_4|KM_P_10|KM_P_2|KM_P_6|KM_P_8|KM_P_5|KM_P_11|KM_P_12|KM_P_3|KM_P_9,6,5,4,6,3|4|1|2,6,7,4,6,4|1|3|2,6,5,6,6,1|3|2,5,5,4,PPI_5|PPI_7|PPI_8,5,6,7,1,2|1|3,3,9|7|5|3|2|4|6,1,"IOS|PPRMotive(adaptedReisetal.,2018)|SEPshortadapted Lewandowski&Ackerman,2006",KM_CSR|KM_L|KM_PA|KM_P|KM_P
11/16/2022 17:02,11/16/2022 17:11,0,129.215.52.167,100,551,1,11/16/2022 17:11,R_ZyFbGqtYSbFFxU5,,,,,55.9489,-3.1632,anonymous,EN,1,1,1,1,1,1,1,2083,1165,24.751,24.751,178.945,1,1,1,3,1,4,4,1,1,1,5,2,1,KM_P_6|KM_P_2|KM_P_3|KM_P_5|KM_P_11|KM_P_9|KM_P_8|KM_P_10|KM_P_1|KM_P_4|KM_P_12|KM_P_7,5,6,7,1,1|2|4|3,3,2,6,1,2|4|3|1,7,5,5,5,3|1|2,5,5,5,PPI_7|PPI_8|PPI_5,4,6,7,1,1|2|3,3,2|7|4|3|5|9|6,1,"IOS|SEPshortadapted Lewandowski&Ackerman,2006|PPRMotive(adaptedReisetal.,2018)",KM_P|KM_P|KM_CSR|KM_L|KM_PA
11/18/2022 17:02,11/18/2022 17:10,0,129.215.52.229,100,446,1,11/18/2022 17:10,R_2WAbPJ3fdRxchjy,,,,,55.9489,-3.1632,anonymous,EN,1,1,1,1,1,1,1,2049,1098,0,0,186.539,0,1,1,4,2,4,2,1,3,1,1,4,2,KM_P_4|KM_P_11|KM_P_9|KM_P_7|KM_P_1|KM_P_2|KM_P_12|KM_P_10|KM_P_5|KM_P_8|KM_P_3|KM_P_6,6,5,5,5,1|3|4|2,5,1,4,5,4|1|2|3,3,4,3,2,1|2|3,5,5,5,PPI_7|PPI_8|PPI_5,5,6,7,1,2|3|1,3,7|4|2|3|9|5|6,1,"IOS|SEPshortadapted Lewandowski&Ackerman,2006|PPRMotive(adaptedReisetal.,2018)",KM_CSR|KM_P|KM_PA|KM_L|KM_P
11/18/2022 17:03,11/18/2022 17:12,0,129.215.52.167,100,568,1,11/18/2022 17:12,R_A0buGpuxqPpONtn,,,,,55.9489,-3.1632,anonymous,EN,1,1,1,1,1,1,1,2049,1097,0,0,192.828,0,5,1,4,2,7,6,5,4,4,6,6,4,KM_P_2|KM_P_7|KM_P_12|KM_P_3|KM_P_6|KM_P_8|KM_P_1|KM_P_5|KM_P_10|KM_P_9|KM_P_11|KM_P_4,5,3,4,7,2|1|3|4,6,4,7,6,1|2|3|4,7,6,7,7,1|2|3,5,5,5,PPI_5|PPI_8|PPI_7,4,6,7,1,3|2|1,3,3|5|2|4|7|9|6,1,"SEPshortadapted Lewandowski&Ackerman,2006|PPRMotive(adaptedReisetal.,2018)|IOS",KM_P|KM_P|KM_L|KM_PA|KM_CSR
11/23/2022 9:53,11/23/2022 10:08,0,129.215.52.167,100,911,1,11/23/2022 10:08,R_2frMhxpzBnLauMf,,,,,55.9489,-3.1632,anonymous,EN,1,1,1,1,1,1,1,2215,1129,17.232,17.232,186.524,1,5,3,3,4,5,5,5,4,1,6,5,4,KM_P_6|KM_P_2|KM_P_1|KM_P_11|KM_P_7|KM_P_9|KM_P_5|KM_P_3|KM_P_10|KM_P_12|KM_P_4|KM_P_8,3,4,5,5,3|4|2|1,7,6,6,5,3|4|1|2,6,6,6,6,3|2|1,5,5,5,PPI_5|PPI_7|PPI_8,6,6,7,1,1|3|2,3,7|2|3|5|4|9|6,1,"PPRMotive(adaptedReisetal.,2018)|SEPshortadapted Lewandowski&Ackerman,2006|IOS",KM_CSR|KM_P|KM_P|KM_PA|KM_L
11/23/2022 9:53,11/23/2022 10:10,0,129.215.52.229,100,969,1,11/23/2022 10:10,R_2pLSi9JePG9NvHM,,,,,55.9489,-3.1632,anonymous,EN,1,1,1,1,1,1,1,2215,1230,0,0,191.99,0,3,2,5,5,5,4,5,6,1,6,1,3,KM_P_4|KM_P_5|KM_P_12|KM_P_8|KM_P_1|KM_P_3|KM_P_2|KM_P_6|KM_P_11|KM_P_7|KM_P_9|KM_P_10,6,6,6,6,3|2|1|4,7,6,6,4,2|3|4|1,6,6,6,5,2|1|3,5,5,5,PPI_7|PPI_8|PPI_5,3,7,7,1,2|3|1,2,9|2|7|3|4|5|6,1,"SEPshortadapted Lewandowski&Ackerman,2006|PPRMotive(adaptedReisetal.,2018)|IOS",KM_P|KM_P|KM_CSR|KM_L|KM_PA
11/28/2022 17:04,11/28/2022 17:10,0,129.215.52.167,100,344,1,11/28/2022 17:10,R_T1UhzT1o7vMEKd3,,,,,55.9489,-3.1632,anonymous,EN,1,1,1,1,1,1,1,2111,1221,0,0,186.568,0,1,1,4,1,6,6,4,1,1,6,3,5,KM_P_3|KM_P_6|KM_P_10|KM_P_8|KM_P_2|KM_P_9|KM_P_7|KM_P_5|KM_P_4|KM_P_1|KM_P_11|KM_P_12,5,5,7,6,1|2|3|4,2,1,6,1,4|3|1|2,5,5,7,4,2|3|1,5,5,5,PPI_8|PPI_5|PPI_7,2,6,6,2,3|1|2,3,7|4|9|5|3|2|6,2,"IOS|PPRMotive(adaptedReisetal.,2018)|SEPshortadapted Lewandowski&Ackerman,2006",KM_P|KM_P|KM_CSR|KM_PA|KM_L
11/28/2022 17:04,11/28/2022 17:11,0,129.215.52.229,100,432,1,11/28/2022 17:11,R_2tJY1IPBal7zMSY,,,,,55.9489,-3.1632,anonymous,EN,1,1,1,1,1,1,1,2111,1222,0,0,193.026,0,2,2,3,1,2,2,2,1,1,6,4,2,KM_P_8|KM_P_5|KM_P_4|KM_P_7|KM_P_6|KM_P_2|KM_P_11|KM_P_9|KM_P_1|KM_P_12|KM_P_10|KM_P_3,2,2,2,1,1|4|3|2,2,5,5,1,1|2|4|3,6,7,6,6,3|2|1,4,3,5,PPI_8|PPI_7|PPI_5,2,4,5,3,3|2|1,3,4|7|3|2|5|9|6,2,"PPRMotive(adaptedReisetal.,2018)|SEPshortadapted Lewandowski&Ackerman,2006|IOS",KM_CSR|KM_P|KM_P|KM_PA|KM_L
12/2/2022 17:33,12/2/2022 17:40,0,129.215.52.229,100,441,1,12/2/2022 17:40,R_1OTY4Ik1LCcjQSQ,,,,,55.9489,-3.1632,anonymous,EN,1,1,1,1,1,1,1,2117,1234,0,0,181.296,0,1,1,1,1,1,5,1,1,1,5,1,2,KM_P_8|KM_P_1|KM_P_5|KM_P_9|KM_P_4|KM_P_3|KM_P_2|KM_P_10|KM_P_7|KM_P_11|KM_P_6|KM_P_12,2,5,3,6,3|1|4|2,1,2,1,1,2|3|1|4,6,7,6,5,2|3|1,5,5,5,PPI_8|PPI_5|PPI_7,6,7,7,1,1|3|2,3,3|9|2|4|5|7|6,2,"PPRMotive(adaptedReisetal.,2018)|IOS|SEPshortadapted Lewandowski&Ackerman,2006",KM_CSR|KM_L|KM_P|KM_PA|KM_P
12/2/2022 17:33,12/2/2022 17:41,0,129.215.52.167,100,490,1,12/2/2022 17:41,R_Ug17fxOK3a7Xp4d,,,,,55.9489,-3.1632,anonymous,EN,1,1,1,1,1,1,1,2117,1233,0,0,200.013,0,4,2,2,2,6,5,4,2,3,6,5,5,KM_P_2|KM_P_11|KM_P_9|KM_P_4|KM_P_12|KM_P_10|KM_P_5|KM_P_1|KM_P_3|KM_P_8|KM_P_6|KM_P_7,6,6,6,6,4|1|3|2,6,6,5,6,3|2|1|4,7,6,6,6,3|1|2,5,5,5,PPI_5|PPI_7|PPI_8,6,6,6,1,2|3|1,3,3|9|2|4|7|5|6,1,"SEPshortadapted Lewandowski&Ackerman,2006|PPRMotive(adaptedReisetal.,2018)|IOS",KM_PA|KM_CSR|KM_P|KM_P|KM_L
12/3/2022 12:17,12/3/2022 12:24,0,129.215.52.167,100,410,1,12/3/2022 12:24,R_2QJxLx8aiKFUnPv,,,,,55.9489,-3.1632,anonymous,EN,1,1,1,1,1,1,1,2113,1225,0,0,178.869,0,1,1,6,5,5,5,5,4,5,5,5,4,KM_P_7|KM_P_2|KM_P_12|KM_P_5|KM_P_11|KM_P_6|KM_P_4|KM_P_3|KM_P_10|KM_P_8|KM_P_1|KM_P_9,5,5,5,5,2|3|1|4,5,4,5,5,4|1|2|3,5,7,6,6,1|2|3,5,5,5,PPI_5|PPI_7|PPI_8,4,6,6,1,2|3|1,3,2|3|7|4|9|5|6,1,"PPRMotive(adaptedReisetal.,2018)|SEPshortadapted Lewandowski&Ackerman,2006|IOS",KM_L|KM_P|KM_P|KM_PA|KM_CSR
12/3/2022 12:17,12/3/2022 12:26,0,129.215.52.229,100,562,1,12/3/2022 12:26,R_3ivRiwg1sbYRCco,,,,,55.9489,-3.1632,anonymous,EN,1,1,1,1,1,1,1,2113,1226,0,0,180.317,0,1,1,2,5,5,4,1,2,1,6,2,3,KM_P_10|KM_P_4|KM_P_12|KM_P_2|KM_P_5|KM_P_8|KM_P_6|KM_P_7|KM_P_1|KM_P_9|KM_P_3|KM_P_11,5,3,5,3,4|1|2|3,2,4,4,2,2|4|1|3,5,6,4,5,3|1|2,5,5,5,PPI_5|PPI_8|PPI_7,5,6,6,1,2|3|1,3,9|3|7|4|5|2|6,1,"IOS|PPRMotive(adaptedReisetal.,2018)|SEPshortadapted Lewandowski&Ackerman,2006",KM_PA|KM_P|KM_P|KM_CSR|KM_L
12/5/2022 17:03,12/5/2022 17:09,0,129.215.52.167,100,380,1,12/5/2022 17:09,R_31Eqt2XFyoR1ufQ,,,,,55.9489,-3.1632,anonymous,EN,1,1,1,1,1,1,1,2103,1206,0,0,180.865,0,3,1,3,1,1,4,3,1,1,2,1,1,KM_P_8|KM_P_7|KM_P_1|KM_P_2|KM_P_12|KM_P_10|KM_P_4|KM_P_11|KM_P_6|KM_P_3|KM_P_9|KM_P_5,1,1,2,1,2|3|4|1,1,4,1,1,1|4|2|3,3,3,2,2,3|2|1,5,5,5,PPI_7|PPI_8|PPI_5,4,7,5,1,3|2|1,3,7|3|2|5|4|9|6,1,"IOS|PPRMotive(adaptedReisetal.,2018)|SEPshortadapted Lewandowski&Ackerman,2006",KM_CSR|KM_P|KM_PA|KM_L|KM_P
12/5/2022 17:03,12/5/2022 17:10,0,129.215.52.229,100,449,1,12/5/2022 17:10,R_3NILhkMGOQeNruH,,,,,55.9489,-3.1632,anonymous,EN,1,1,1,1,1,1,1,2103,1205,0,0,180.946,0,6,2,1,1,6,4,1,1,1,6,1,5,KM_P_2|KM_P_12|KM_P_3|KM_P_11|KM_P_7|KM_P_8|KM_P_6|KM_P_1|KM_P_5|KM_P_9|KM_P_10|KM_P_4,2,5,7,1,4|2|1|3,1,1,1,1,4|2|3|1,7,7,1,1,3|2|1,5,5,5,PPI_7|PPI_8|PPI_5,1,7,7,1,3|1|2,3,3|4|2|5|9|7|6,2,"PPRMotive(adaptedReisetal.,2018)|SEPshortadapted Lewandowski&Ackerman,2006|IOS",KM_CSR|KM_PA|KM_P|KM_P|KM_L
1/20/2023 16:06,1/20/2023 16:12,0,129.215.52.12,100,408,1,1/20/2023 16:12,R_1Id4F8u0qr2QYpK,,,,,55.9335,-3.254,anonymous,EN,1,1,1,1,1,1,1,2107,1214,0,0,181.539,0,2,1,2,2,5,5,4,2,2,5,5,4,KM_P_12|KM_P_4|KM_P_11|KM_P_6|KM_P_5|KM_P_8|KM_P_1|KM_P_10|KM_P_7|KM_P_9|KM_P_2|KM_P_3,2,4,4,2,2|3|1|4,4,4,3,3,1|3|4|2,6,6,5,5,3|2|1,5,5,5,PPI_8|PPI_7|PPI_5,5,6,6,1,2|1|3,3,2|7|9|4|3|5|6,1,"IOS|PPRMotive(adaptedReisetal.,2018)|SEPshortadapted Lewandowski&Ackerman,2006",KM_PA|KM_P|KM_P|KM_L|KM_CSR
1/20/2023 16:06,1/20/2023 16:13,0,129.215.52.7,100,455,1,1/20/2023 16:13,R_ZDCL8EckS63jhst,,,,,55.9335,-3.254,anonymous,EN,1,1,1,1,1,1,1,2107,1213,0,0,186.201,0,1,1,1,1,3,1,1,1,1,5,4,1,KM_P_6|KM_P_1|KM_P_2|KM_P_5|KM_P_9|KM_P_7|KM_P_11|KM_P_3|KM_P_12|KM_P_4|KM_P_8|KM_P_10,2,2,4,1,4|3|1|2,2,4,4,1,4|3|2|1,4,4,2,2,1|2|3,5,5,5,PPI_7|PPI_8|PPI_5,5,6,7,1,1|3|2,3,9|2|5|3|7|4|6,1,"PPRMotive(adaptedReisetal.,2018)|IOS|SEPshortadapted Lewandowski&Ackerman,2006",KM_P|KM_PA|KM_P|KM_CSR|KM_L
1/21/2023 13:02,1/21/2023 13:10,0,129.215.52.12,100,473,1,1/21/2023 13:10,R_3fdwvAlF4CNdOOS,,,,,55.9335,-3.254,anonymous,EN,1,1,1,1,1,1,1,2105,1210,188.079,188.079,188.702,1,2,1,4,2,6,6,5,5,3,4,1,1,KM_P_9|KM_P_2|KM_P_6|KM_P_3|KM_P_10|KM_P_1|KM_P_11|KM_P_12|KM_P_4|KM_P_8|KM_P_5|KM_P_7,5,6,5,2,3|2|4|1,5,7,5,2,2|4|1|3,6,6,5,5,3|2|1,5,5,5,PPI_7|PPI_8|PPI_5,6,7,7,1,2|3|1,3,2|5|9|4|3|7|6,1,"IOS|PPRMotive(adaptedReisetal.,2018)|SEPshortadapted Lewandowski&Ackerman,2006",KM_PA|KM_P|KM_CSR|KM_L|KM_P
1/21/2023 13:03,1/21/2023 13:11,0,129.215.52.7,100,492,1,1/21/2023 13:11,R_bvJSmcakfDrJm49,,,,,55.9335,-3.254,anonymous,EN,1,1,1,1,1,1,1,2105,1209,0,0,181.95,0,1,1,1,1,5,6,1,1,3,5,4,2,KM_P_10|KM_P_12|KM_P_3|KM_P_4|KM_P_8|KM_P_7|KM_P_6|KM_P_2|KM_P_1|KM_P_11|KM_P_5|KM_P_9,4,4,4,5,3|2|1|4,4,4,7,4,3|2|1|4,6,6,5,5,2|3|1,5,5,5,PPI_7|PPI_8|PPI_5,6,7,7,1,1|3|2,3,4|9|2|5|7|3|6,1,"SEPshortadapted Lewandowski&Ackerman,2006|IOS|PPRMotive(adaptedReisetal.,2018)",KM_PA|KM_CSR|KM_L|KM_P|KM_P
1/23/2023 15:03,1/23/2023 15:10,0,129.215.52.12,100,441,1,1/23/2023 15:11,R_2wHR7zpVhMb6Ec4,,,,,55.9335,-3.254,anonymous,EN,1,1,1,1,1,1,1,2055,1110,11.881,11.881,185.475,1,5,1,2,2,6,7,5,5,4,7,6,6,KM_P_8|KM_P_6|KM_P_10|KM_P_3|KM_P_1|KM_P_4|KM_P_11|KM_P_9|KM_P_2|KM_P_12|KM_P_7|KM_P_5,6,7,7,7,4|3|2|1,6,5,6,5,1|4|2|3,7,6,6,6,2|3|1,5,4,5,PPI_7|PPI_8|PPI_5,5,6,6,2,1|3|2,3,3|5|2|9|7|4|6,2,"PPRMotive(adaptedReisetal.,2018)|SEPshortadapted Lewandowski&Ackerman,2006|IOS",KM_PA|KM_CSR|KM_P|KM_P|KM_L
1/23/2023 15:03,1/23/2023 15:12,0,129.215.52.7,100,504,1,1/23/2023 15:12,R_DkH1617ExrfoNfb,,,,,55.9335,-3.254,anonymous,EN,1,1,1,1,1,1,1,2055,1109,0,0,199.994,0,2,1,1,1,6,6,5,6,1,6,2,1,KM_P_1|KM_P_6|KM_P_3|KM_P_9|KM_P_7|KM_P_5|KM_P_8|KM_P_2|KM_P_12|KM_P_11|KM_P_4|KM_P_10,2,5,4,5,1|2|3|4,6,4,6,3,2|4|3|1,5,7,6,6,1|2|3,4,4,4,PPI_7|PPI_5|PPI_8,5,7,7,1,1|2|3,3,2|4|3|7|9|5|6,1,"SEPshortadapted Lewandowski&Ackerman,2006|PPRMotive(adaptedReisetal.,2018)|IOS",KM_L|KM_P|KM_P|KM_PA|KM_CSR
1/24/2023 17:08,1/24/2023 17:15,0,129.215.52.12,100,425,1,1/24/2023 17:15,R_1oqeKJX1PIq83Y7,,,,,55.9335,-3.254,anonymous,EN,1,1,1,1,1,1,1,2015,1030,0,0,183.299,0,1,1,1,1,5,1,1,1,1,7,3,1,KM_P_8|KM_P_1|KM_P_3|KM_P_4|KM_P_10|KM_P_6|KM_P_5|KM_P_9|KM_P_11|KM_P_2|KM_P_7|KM_P_12,1,1,1,1,3|1|2|4,5,3,6,3,1|4|3|2,7,6,3,3,2|3|1,5,5,5,PPI_7|PPI_5|PPI_8,6,5,6,1,1|3|2,3,2|9|4|5|3|7|6,1,"SEPshortadapted Lewandowski&Ackerman,2006|PPRMotive(adaptedReisetal.,2018)|IOS",KM_P|KM_PA|KM_P|KM_CSR|KM_L
1/24/2023 17:08,1/24/2023 17:16,0,129.215.52.7,100,444,1,1/24/2023 17:16,R_2drLF2DoxX2PfuK,,,,,55.9335,-3.254,anonymous,EN,1,1,1,1,1,1,1,2015,1029,0,0,181.776,0,1,1,6,5,6,7,1,1,1,3,2,2,KM_P_3|KM_P_8|KM_P_1|KM_P_5|KM_P_10|KM_P_9|KM_P_11|KM_P_12|KM_P_4|KM_P_7|KM_P_6|KM_P_2,7,3,7,4,2|4|3|1,3,5,7,2,1|3|2|4,7,7,7,7,1|2|3,5,5,5,PPI_5|PPI_7|PPI_8,5,7,7,1,1|2|3,3,7|5|9|4|3|2|6,1,"SEPshortadapted Lewandowski&Ackerman,2006|IOS|PPRMotive(adaptedReisetal.,2018)",KM_L|KM_P|KM_CSR|KM_PA|KM_P
1/27/2023 12:02,1/27/2023 12:14,0,129.215.52.12,100,740,1,1/27/2023 12:14,R_e5M1z4DZGNodVzH,,,,,55.9335,-3.254,anonymous,EN,1,1,1,1,1,1,1,2007,1014,0,0,180.219,0,3,1,1,1,6,5,3,1,2,7,5,4,KM_P_12|KM_P_6|KM_P_5|KM_P_2|KM_P_10|KM_P_3|KM_P_11|KM_P_4|KM_P_8|KM_P_7|KM_P_9|KM_P_1,6,6,5,5,3|4|2|1,4,3,5,1,1|4|3|2,6,7,6,6,3|2|1,5,5,5,PPI_5|PPI_7|PPI_8,5,7,7,1,3|2|1,3,9|5|3|4|7|2|6,1,"SEPshortadapted Lewandowski&Ackerman,2006|PPRMotive(adaptedReisetal.,2018)|IOS",KM_PA|KM_P|KM_L|KM_P|KM_CSR
1/27/2023 12:01,1/27/2023 12:15,0,129.215.52.7,100,793,1,1/27/2023 12:15,R_bkkUKimyde1SKwF,,,,,55.9335,-3.254,anonymous,EN,1,1,1,1,1,1,1,2007,1013,0,0,185.025,0,1,1,1,1,4,4,1,2,1,7,6,6,KM_P_8|KM_P_7|KM_P_12|KM_P_2|KM_P_10|KM_P_11|KM_P_4|KM_P_9|KM_P_3|KM_P_5|KM_P_1|KM_P_6,6,6,7,7,4|1|2|3,6,5,7,6,2|4|1|3,5,7,7,7,3|2|1,5,5,5,PPI_5|PPI_7|PPI_8,5,7,6,1,2|1|3,3,7|5|3|4|2|9|6,1,"IOS|PPRMotive(adaptedReisetal.,2018)|SEPshortadapted Lewandowski&Ackerman,2006",KM_P|KM_PA|KM_CSR|KM_P|KM_L
1/27/2023 12:59,1/27/2023 14:17,0,129.215.52.12,100,4647,1,1/27/2023 14:17,R_8DncszCYdy0SgNj,,,,,55.9335,-3.254,anonymous,EN,1,1,1,1,1,1,1,2069,1138,0,0,184.544,0,7,6,7,7,3,7,6,7,4,5,2,2,KM_P_7|KM_P_10|KM_P_1|KM_P_9|KM_P_8|KM_P_2|KM_P_12|KM_P_3|KM_P_4|KM_P_11|KM_P_5|KM_P_6,6,6,6,5,1|4|2|3,7,7,7,7,1|4|3|2,4,7,7,7,1|2|3,5,5,5,PPI_8|PPI_5|PPI_7,7,7,7,1,1|3|2,3,7|5|4|2|9|3|6,1,"IOS|PPRMotive(adaptedReisetal.,2018)|SEPshortadapted Lewandowski&Ackerman,2006",KM_CSR|KM_L|KM_PA|KM_P|KM_P
1/27/2023 12:58,1/27/2023 14:17,0,129.215.52.7,100,4754,1,1/27/2023 14:17,R_AKVzkJmEi12BmjT,,,,,55.9335,-3.254,anonymous,EN,1,1,1,1,1,1,1,2069,1137,0,0,194.856,0,1,1,5,4,3,2,3,3,1,5,3,1,KM_P_11|KM_P_10|KM_P_12|KM_P_9|KM_P_3|KM_P_4|KM_P_6|KM_P_7|KM_P_8|KM_P_1|KM_P_2|KM_P_5,4,5,5,2,3|2|4|1,3,3,3,3,1|3|4|2,5,5,3,2,2|1|3,5,5,5,PPI_5|PPI_7|PPI_8,7,6,6,2,1|3|2,3,3|2|7|5|9|4|6,1,"SEPshortadapted Lewandowski&Ackerman,2006|PPRMotive(adaptedReisetal.,2018)|IOS",KM_PA|KM_CSR|KM_L|KM_P|KM_P
1/27/2023 16:18,1/27/2023 16:25,0,129.215.52.7,100,408,1,1/27/2023 16:25,R_eVYSlA5AF2WbQe5,,,,,55.9335,-3.254,anonymous,EN,1,1,1,1,1,1,1,2005,1009,0,0,190.961,0,1,1,1,1,2,1,1,1,1,4,1,1,KM_P_1|KM_P_7|KM_P_9|KM_P_2|KM_P_3|KM_P_4|KM_P_10|KM_P_6|KM_P_11|KM_P_5|KM_P_8|KM_P_12,2,4,4,1,3|4|2|1,1,1,3,1,2|3|4|1,4,5,2,4,2|3|1,4,5,5,PPI_8|PPI_5|PPI_7,,7,6,1,2|3|1,3,2|4|9|7|5|3|6,1,"PPRMotive(adaptedReisetal.,2018)|SEPshortadapted Lewandowski&Ackerman,2006|IOS",KM_P|KM_L|KM_P|KM_PA|KM_CSR
1/27/2023 16:18,1/27/2023 16:26,0,129.215.52.12,100,505,1,1/27/2023 16:26,R_3qjn0qY5QoOE65d,,,,,55.9335,-3.254,anonymous,EN,1,1,1,1,1,1,1,2005,1010,0,0,181.586,0,7,5,6,6,5,5,6,1,5,6,4,2,KM_P_10|KM_P_6|KM_P_11|KM_P_8|KM_P_12|KM_P_9|KM_P_3|KM_P_5|KM_P_1|KM_P_4|KM_P_7|KM_P_2,5,5,5,4,4|3|1|2,7,4,7,5,4|1|2|3,7,7,7,7,2|1|3,4,5,5,PPI_7|PPI_5|PPI_8,5,6,6,1,1|3|2,3,2|4|9|5|7|3|6,1,"IOS|SEPshortadapted Lewandowski&Ackerman,2006|PPRMotive(adaptedReisetal.,2018)",KM_PA|KM_P|KM_P|KM_CSR|KM_L
1/28/2023 13:05,1/28/2023 13:11,0,129.215.52.7,100,356,1,1/28/2023 13:11,R_ZHPsyDpoJq0PjEt,,,,,55.9335,-3.254,anonymous,EN,1,1,1,1,1,1,1,2059,1117,0,0,181.608,0,4,2,1,1,6,4,3,2,1,7,6,4,KM_P_3|KM_P_11|KM_P_4|KM_P_8|KM_P_6|KM_P_7|KM_P_12|KM_P_10|KM_P_5|KM_P_9|KM_P_2|KM_P_1,5,6,6,6,3|1|2|4,4,5,6,6,3|1|4|2,7,7,6,6,1|2|3,5,5,5,PPI_5|PPI_7|PPI_8,6,6,6,2,2|3|1,3,2|5|9|3|7|4|6,1,"PPRMotive(adaptedReisetal.,2018)|IOS|SEPshortadapted Lewandowski&Ackerman,2006",KM_CSR|KM_PA|KM_L|KM_P|KM_P
1/28/2023 13:01,1/28/2023 13:15,0,129.215.52.12,100,849,1,1/28/2023 13:15,R_OBCOibVBDosCQsp,,,,,55.9335,-3.254,anonymous,EN,1,1,1,1,1,1,1,2059,1118,32.325,32.325,189.412,1,1,1,3,1,5,5,1,1,1,4,5,5,KM_P_12|KM_P_3|KM_P_5|KM_P_11|KM_P_4|KM_P_8|KM_P_7|KM_P_10|KM_P_1|KM_P_2|KM_P_6|KM_P_9,6,6,6,6,1|3|2|4,4,4,5,4,4|3|2|1,5,5,4,5,3|1|2,5,5,5,PPI_5|PPI_7|PPI_8,6,7,7,1,3|1|2,3,5|3|2|7|9|4|6,1,"PPRMotive(adaptedReisetal.,2018)|SEPshortadapted Lewandowski&Ackerman,2006|IOS",KM_CSR|KM_PA|KM_P|KM_L|KM_P
1/30/2023 15:06,1/30/2023 15:14,0,129.215.52.7,100,508,1,1/30/2023 15:14,R_10PFbLs94c0zI3r,,,,,55.9335,-3.254,anonymous,EN,1,1,1,1,1,1,1,2047,1093,85.78,90.748,185.916,2,5,3,5,1,3,4,5,5,2,3,5,6,KM_P_10|KM_P_1|KM_P_5|KM_P_3|KM_P_9|KM_P_4|KM_P_8|KM_P_2|KM_P_11|KM_P_7|KM_P_6|KM_P_12,4,5,7,6,4|1|2|3,4,2,5,3,4|2|1|3,6,7,6,6,2|1|3,5,5,5,PPI_7|PPI_8|PPI_5,4,7,6,2,2|3|1,3,2|7|9|5|3|4|6,2,"PPRMotive(adaptedReisetal.,2018)|IOS|SEPshortadapted Lewandowski&Ackerman,2006",KM_L|KM_CSR|KM_P|KM_P|KM_PA
1/30/2023 15:05,1/30/2023 15:14,0,129.215.52.12,100,555,1,1/30/2023 15:15,R_9G3LXuZBuPsOWEp,,,,,55.9335,-3.254,anonymous,EN,1,1,1,1,1,1,1,2047,1094,0,0,186.533,0,1,1,6,5,6,6,5,6,1,5,1,1,KM_P_11|KM_P_10|KM_P_9|KM_P_2|KM_P_7|KM_P_12|KM_P_3|KM_P_1|KM_P_8|KM_P_4|KM_P_5|KM_P_6,2,6,6,3,4|1|3|2,4,4,1,1,3|4|1|2,5,7,7,7,3|1|2,4,4,5,PPI_8|PPI_5|PPI_7,6,7,6,2,1|3|2,3,9|5|3|2|7|4|6,1,"IOS|SEPshortadapted Lewandowski&Ackerman,2006|PPRMotive(adaptedReisetal.,2018)",KM_L|KM_CSR|KM_PA|KM_P|KM_P
2/3/2023 12:39,2/3/2023 13:17,0,129.215.52.12,100,2272,1,2/3/2023 13:17,R_0rirDGTa39zgzDP,,,,,55.9335,-3.254,anonymous,EN,1,1,1,1,1,1,1,2087,1174,0,0,204.508,0,1,1,1,1,1,1,1,1,1,3,2,1,KM_P_11|KM_P_7|KM_P_6|KM_P_2|KM_P_8|KM_P_3|KM_P_12|KM_P_4|KM_P_5|KM_P_10|KM_P_9|KM_P_1,1,1,1,1,1|4|2|3,1,1,3,1,3|2|4|1,5,4,1,1,1|3|2,5,5,5,PPI_8|PPI_7|PPI_5,7,7,6,1,2|1|3,3,7|2|5|9|3|4|6,1,"IOS|SEPshortadapted Lewandowski&Ackerman,2006|PPRMotive(adaptedReisetal.,2018)",KM_PA|KM_P|KM_CSR|KM_P|KM_L
2/3/2023 12:46,2/3/2023 13:18,0,129.215.52.7,100,1882,1,2/3/2023 13:18,R_3Ez1CS0TriC5844,,,,,55.9335,-3.254,anonymous,EN,1,1,1,1,1,1,1,2087,1173,0,0,204.275,0,6,3,1,1,4,4,4,4,4,7,1,5,KM_P_8|KM_P_1|KM_P_9|KM_P_5|KM_P_2|KM_P_10|KM_P_3|KM_P_11|KM_P_4|KM_P_7|KM_P_12|KM_P_6,7,7,7,7,3|2|4|1,6,6,6,6,4|1|2|3,6,6,6,6,3|2|1,5,5,5,PPI_5|PPI_7|PPI_8,7,7,7,1,2|1|3,3,9|5|7|4|3|2|6,1,"PPRMotive(adaptedReisetal.,2018)|IOS|SEPshortadapted Lewandowski&Ackerman,2006",KM_PA|KM_P|KM_P|KM_L|KM_CSR
2/3/2023 14:16,2/3/2023 14:31,0,129.215.52.12,100,914,1,2/3/2023 14:31,R_1hYL4Tu1Rg27dzv,,,,,55.9335,-3.254,anonymous,EN,1,1,1,1,1,1,1,2051,1101,0,0,180.53,0,6,2,1,1,7,5,1,1,1,4,2,2,KM_P_1|KM_P_9|KM_P_7|KM_P_3|KM_P_10|KM_P_11|KM_P_8|KM_P_6|KM_P_5|KM_P_12|KM_P_4|KM_P_2,6,5,6,4,3|4|2|1,5,4,7,6,3|1|4|2,7,7,6,7,1|2|3,5,5,5,PPI_8|PPI_7|PPI_5,5,7,7,1,1|3|2,3,2|7|3|4|5|9|6,1,"SEPshortadapted Lewandowski&Ackerman,2006|IOS|PPRMotive(adaptedReisetal.,2018)",KM_L|KM_CSR|KM_PA|KM_P|KM_P
2/3/2023 14:18,2/3/2023 14:33,0,129.215.52.7,100,892,1,2/3/2023 14:33,R_33gq8TVqOuUUqn3,,,,,55.9335,-3.254,anonymous,EN,1,1,1,1,1,1,1,2051,1102,0,0,190.707,0,7,6,1,1,7,7,6,3,2,6,5,3,KM_P_10|KM_P_2|KM_P_3|KM_P_4|KM_P_9|KM_P_5|KM_P_7|KM_P_12|KM_P_6|KM_P_1|KM_P_11|KM_P_8,5,7,6,2,1|4|3|2,3,5,6,4,2|3|4|1,6,7,7,7,1|2|3,5,5,5,PPI_5|PPI_8|PPI_7,6,6,7,1,1|2|3,3,4|7|5|2|9|3|6,1,"PPRMotive(adaptedReisetal.,2018)|IOS|SEPshortadapted Lewandowski&Ackerman,2006",KM_L|KM_CSR|KM_P|KM_P|KM_PA
2/4/2023 12:05,2/4/2023 12:16,0,129.215.52.7,100,641,1,2/4/2023 12:16,R_1eDBMsGerrvwhH4,,,,,55.9335,-3.254,anonymous,EN,1,1,1,1,1,1,1,2099,1197,0,0,186.703,0,6,3,2,1,6,6,5,1,2,5,1,2,KM_P_6|KM_P_3|KM_P_1|KM_P_8|KM_P_2|KM_P_10|KM_P_9|KM_P_5|KM_P_12|KM_P_4|KM_P_7|KM_P_11,5,4,4,3,1|2|3|4,5,7,6,6,1|4|2|3,7,7,5,5,3|1|2,5,5,5,PPI_5|PPI_7|PPI_8,4,7,7,1,2|1|3,3,5|2|9|4|7|3|6,1,"SEPshortadapted Lewandowski&Ackerman,2006|IOS|PPRMotive(adaptedReisetal.,2018)",KM_P|KM_L|KM_PA|KM_P|KM_CSR
2/4/2023 12:06,2/4/2023 12:18,0,129.215.52.12,100,705,1,2/4/2023 12:18,R_2ZZDcptTsXNu7Tq,,,,,55.9335,-3.254,anonymous,EN,1,1,1,1,1,1,1,2099,1198,0,0,190.792,0,2,1,5,2,5,5,1,1,1,3,1,1,KM_P_12|KM_P_5|KM_P_3|KM_P_11|KM_P_9|KM_P_1|KM_P_6|KM_P_4|KM_P_10|KM_P_8|KM_P_2|KM_P_7,7,7,7,7,2|1|3|4,6,7,6,4,3|1|4|2,7,7,5,6,3|2|1,5,5,5,PPI_7|PPI_5|PPI_8,5,7,7,1,1|2|3,3,5|7|2|9|4|3|6,2,"IOS|SEPshortadapted Lewandowski&Ackerman,2006|PPRMotive(adaptedReisetal.,2018)",KM_L|KM_PA|KM_CSR|KM_P|KM_P
2/10/2023 12:01,2/10/2023 12:14,0,129.215.52.7,100,736,1,2/10/2023 12:14,R_XuLlL0woxUepxaV,,,,,55.9335,-3.254,anonymous,EN,1,1,1,1,1,1,1,2134,1285,0,0,188.856,0,7,6,1,2,7,7,6,6,2,6,6,6,KM_P_3|KM_P_1|KM_P_4|KM_P_10|KM_P_2|KM_P_11|KM_P_7|KM_P_5|KM_P_9|KM_P_6|KM_P_8|KM_P_12,3,7,3,7,1|3|2|4,7,2,7,2,4|3|2|1,7,7,7,7,1|3|2,5,5,5,PPI_5|PPI_7|PPI_8,3,7,7,1,1|2|3,3,5|3|4|7|9|2|6,1,"IOS|SEPshortadapted Lewandowski&Ackerman,2006|PPRMotive(adaptedReisetal.,2018)",KM_P|KM_L|KM_PA|KM_CSR|KM_P
2/10/2023 11:41,2/10/2023 12:15,0,129.215.52.12,100,2017,1,2/10/2023 12:15,R_24cqKkgUYcHCEae,,,,,55.9335,-3.254,anonymous,EN,1,1,1,1,1,1,1,2143,1286,0,0,203.839,0,3,2,1,1,6,6,1,2,1,5,2,4,KM_P_3|KM_P_10|KM_P_11|KM_P_1|KM_P_5|KM_P_7|KM_P_4|KM_P_12|KM_P_8|KM_P_6|KM_P_2|KM_P_9,4,3,4,4,1|3|2|4,4,2,2,1,3|4|1|2,5,4,4,4,1|2|3,5,5,5,PPI_5|PPI_7|PPI_8,5,7,7,1,3|1|2,,7|5|2|9|3|4|6,2,"PPRMotive(adaptedReisetal.,2018)|IOS|SEPshortadapted Lewandowski&Ackerman,2006",KM_CSR|KM_P|KM_PA|KM_L|KM_P
2/13/2023 16:04,2/13/2023 16:11,0,129.215.52.12,100,468,1,2/13/2023 16:11,R_3jd50aSRLu3nlaN,,,,,55.9335,-3.254,anonymous,EN,1,1,1,1,1,1,1,2075,1150,181.936,181.936,182.389,1,1,1,4,6,7,5,1,1,1,7,2,5,KM_P_2|KM_P_3|KM_P_1|KM_P_4|KM_P_9|KM_P_12|KM_P_8|KM_P_11|KM_P_7|KM_P_5|KM_P_6|KM_P_10,7,6,6,7,4|3|1|2,3,4,3,3,2|3|4|1,6,7,6,7,2|1|3,5,5,5,PPI_8|PPI_7|PPI_5,6,7,7,1,3|1|2,3,9|3|5|2|7|4|6,1,"IOS|SEPshortadapted Lewandowski&Ackerman,2006|PPRMotive(adaptedReisetal.,2018)",KM_PA|KM_CSR|KM_L|KM_P|KM_P
2/13/2023 16:04,2/13/2023 16:12,0,129.215.52.7,100,476,1,2/13/2023 16:12,R_2DMFzzc51ZjXV1C,,,,,55.9335,-3.254,anonymous,EN,1,1,1,1,1,1,1,2075,1149,0,0,179.514,0,1,1,1,1,2,1,1,2,1,5,1,1,KM_P_4|KM_P_10|KM_P_11|KM_P_2|KM_P_7|KM_P_3|KM_P_6|KM_P_5|KM_P_8|KM_P_12|KM_P_1|KM_P_9,6,6,6,7,3|2|1|4,2,1,2,1,4|2|3|1,4,2,3,3,2|1|3,5,5,5,PPI_7|PPI_5|PPI_8,2,5,5,3,1|3|2,3,7|3|2|5|9|4|6,1,"SEPshortadapted Lewandowski&Ackerman,2006|PPRMotive(adaptedReisetal.,2018)|IOS",KM_PA|KM_L|KM_P|KM_CSR|KM_P
2/14/2023 13:05,2/14/2023 13:14,0,129.215.52.12,100,510,1,2/14/2023 13:14,R_2CqwMgLXExMLdo5,,,,,55.9335,-3.254,anonymous,EN,1,1,1,1,1,1,1,2139,1277,0,0,199.064,0,1,1,1,1,1,1,1,1,1,4,1,1,KM_P_6|KM_P_9|KM_P_8|KM_P_4|KM_P_10|KM_P_3|KM_P_12|KM_P_11|KM_P_1|KM_P_7|KM_P_2|KM_P_5,6,3,3,5,2|3|1|4,5,2,2,5,4|1|2|3,5,6,6,6,2|3|1,5,5,5,PPI_5|PPI_7|PPI_8,4,6,6,2,3|2|1,3,4|2|9|7|3|5|6,1,"SEPshortadapted Lewandowski&Ackerman,2006|IOS|PPRMotive(adaptedReisetal.,2018)",KM_PA|KM_L|KM_P|KM_CSR|KM_P
2/14/2023 12:03,2/14/2023 13:14,0,129.215.52.7,100,4270,1,2/14/2023 13:14,R_eeoLXOwRK65QfGF,,,,,55.9335,-3.254,anonymous,EN,1,1,1,1,1,1,1,2139,1278,0,0,190.86,0,1,1,1,1,5,5,1,1,1,2,3,1,KM_P_10|KM_P_3|KM_P_7|KM_P_11|KM_P_9|KM_P_12|KM_P_6|KM_P_4|KM_P_8|KM_P_1|KM_P_5|KM_P_2,2,3,2,1,2|4|1|3,4,3,2,2,3|1|2|4,4,4,4,2,2|3|1,4,4,4,PPI_7|PPI_5|PPI_8,3,6,6,2,3|1|2,3,7|3|9|2|4|5|6,1,"PPRMotive(adaptedReisetal.,2018)|SEPshortadapted Lewandowski&Ackerman,2006|IOS",KM_P|KM_P|KM_L|KM_CSR|KM_PA
2/15/2023 12:00,2/15/2023 12:11,0,129.215.52.7,100,655,1,2/15/2023 12:11,R_3q9kWA95cYFoJ2q,,,,,55.9335,-3.254,anonymous,EN,1,1,1,1,1,1,1,2131,1261,0,0,180.424,0,1,1,1,2,5,3,1,1,1,2,3,4,KM_P_8|KM_P_11|KM_P_2|KM_P_4|KM_P_12|KM_P_10|KM_P_5|KM_P_7|KM_P_9|KM_P_1|KM_P_3|KM_P_6,5,6,6,6,1|2|3|4,5,6,6,5,2|4|1|3,6,7,4,5,1|2|3,5,5,4,PPI_8|PPI_5|PPI_7,5,6,7,1,1|3|2,3,4|9|3|7|2|5|6,1,"IOS|PPRMotive(adaptedReisetal.,2018)|SEPshortadapted Lewandowski&Ackerman,2006",KM_P|KM_L|KM_P|KM_CSR|KM_PA
2/15/2023 11:49,2/15/2023 12:13,0,129.215.52.12,100,1441,1,2/15/2023 12:13,R_3n2kbFrkSKUcUZx,,,,,55.9335,-3.254,anonymous,EN,1,1,1,1,1,1,1,2131,1262,0,0,182.949,0,1,1,1,1,1,1,1,1,1,1,1,1,KM_P_1|KM_P_2|KM_P_8|KM_P_3|KM_P_4|KM_P_7|KM_P_6|KM_P_12|KM_P_11|KM_P_9|KM_P_5|KM_P_10,2,4,3,3,2|3|4|1,2,2,3,2,4|1|2|3,5,5,2,2,1|2|3,4,4,5,PPI_5|PPI_7|PPI_8,4,5,6,2,2|1|3,3,9|5|3|4|7|2|6,1,"IOS|PPRMotive(adaptedReisetal.,2018)|SEPshortadapted Lewandowski&Ackerman,2006",KM_CSR|KM_P|KM_L|KM_PA|KM_P
2/17/2023 12:01,2/17/2023 12:08,0,129.215.52.7,100,390,1,2/17/2023 12:08,R_po6mhfBMCNfamK5,,,,,55.9335,-3.254,anonymous,EN,1,1,1,1,1,1,1,2129,1258,0,0,181.075,0,1,1,1,1,3,1,1,3,1,4,4,1,KM_P_11|KM_P_1|KM_P_9|KM_P_10|KM_P_7|KM_P_6|KM_P_4|KM_P_2|KM_P_5|KM_P_8|KM_P_12|KM_P_3,5,5,6,6,4|3|2|1,5,4,5,5,2|1|3|4,5,5,4,5,2|1|3,5,5,5,PPI_5|PPI_8|PPI_7,5,7,7,1,1|3|2,3,3|4|9|7|2|5|6,1,"IOS|SEPshortadapted Lewandowski&Ackerman,2006|PPRMotive(adaptedReisetal.,2018)",KM_CSR|KM_P|KM_L|KM_P|KM_PA
2/17/2023 12:01,2/17/2023 12:11,0,129.215.52.12,100,580,1,2/17/2023 12:11,R_3LhapBiwLoWSyej,,,,,55.9335,-3.254,anonymous,EN,1,1,1,1,1,1,1,2129,1257,0,0,206.338,0,4,2,6,3,6,6,5,4,3,7,5,6,KM_P_8|KM_P_7|KM_P_4|KM_P_11|KM_P_6|KM_P_9|KM_P_12|KM_P_3|KM_P_10|KM_P_5|KM_P_2|KM_P_1,4,6,5,5,4|3|1|2,5,7,6,4,4|1|2|3,6,6,6,7,1|2|3,5,5,5,PPI_5|PPI_8|PPI_7,6,6,7,2,3|1|2,3,7|5|9|4|3|2|6,1,"IOS|SEPshortadapted Lewandowski&Ackerman,2006|PPRMotive(adaptedReisetal.,2018)",KM_CSR|KM_L|KM_P|KM_PA|KM_P
2/18/2023 12:02,2/18/2023 12:08,0,129.215.52.7,100,372,1,2/18/2023 12:08,R_3PoT6fBJtdBA71T,,,,,55.9335,-3.254,anonymous,EN,1,1,1,1,1,1,1,2175,1350,0,0,188.523,0,7,6,1,1,6,7,5,5,1,7,1,1,KM_P_10|KM_P_3|KM_P_12|KM_P_8|KM_P_6|KM_P_4|KM_P_1|KM_P_11|KM_P_7|KM_P_2|KM_P_5|KM_P_9,1,3,1,2,2|3|1|4,1,1,7,1,4|1|3|2,6,7,5,7,3|2|1,5,5,5,PPI_5|PPI_8|PPI_7,4,7,7,1,2|1|3,3,3|7|4|9|5|2|6,1,"SEPshortadapted Lewandowski&Ackerman,2006|IOS|PPRMotive(adaptedReisetal.,2018)",KM_L|KM_P|KM_P|KM_PA|KM_CSR
2/18/2023 12:02,2/18/2023 12:11,0,129.215.52.12,100,547,1,2/18/2023 12:11,R_3MzEvR1Y8depGea,,,,,55.9335,-3.254,anonymous,EN,1,1,1,1,1,1,1,2175,1349,0,0,183.683,0,1,1,2,1,3,3,2,1,1,2,2,1,KM_P_4|KM_P_3|KM_P_12|KM_P_2|KM_P_8|KM_P_9|KM_P_11|KM_P_5|KM_P_6|KM_P_7|KM_P_10|KM_P_1,3,3,3,3,4|1|3|2,2,2,4,2,2|4|3|1,5,5,4,4,3|2|1,5,5,5,PPI_7|PPI_5|PPI_8,5,7,7,1,1|2|3,3,7|9|5|3|2|4|6,1,"PPRMotive(adaptedReisetal.,2018)|IOS|SEPshortadapted Lewandowski&Ackerman,2006",KM_L|KM_CSR|KM_PA|KM_P|KM_P
3/3/2023 10:05,3/3/2023 10:16,0,129.215.52.7,100,700,1,3/3/2023 10:16,R_eXxEZrjTOfkBWi5,,,,,55.9335,-3.254,anonymous,EN,1,1,1,1,1,1,1,1200,1399,0,0,180.016,0,1,1,1,1,1,4,1,1,1,4,2,1,KM_P_7|KM_P_10|KM_P_4|KM_P_9|KM_P_5|KM_P_6|KM_P_12|KM_P_11|KM_P_1|KM_P_2|KM_P_8|KM_P_3,6,6,6,5,2|1|3|4,4,4,4,2,4|3|1|2,7,6,2,4,2|3|1,5,5,5,PPI_7|PPI_5|PPI_8,4,7,7,1,1|3|2,3,5|9|7|2|4|3|6,1,"SEPshortadapted Lewandowski&Ackerman,2006|PPRMotive(adaptedReisetal.,2018)|IOS",KM_CSR|KM_P|KM_PA|KM_P|KM_L
3/3/2023 10:03,3/3/2023 10:18,0,129.215.52.12,100,876,1,3/3/2023 10:18,R_3iQ3SIAuYIwKO5l,,,,,55.9335,-3.254,anonymous,EN,1,1,1,1,1,1,1,2200,1400,0,0,202.046,0,1,1,1,2,2,1,2,1,1,4,2,3,KM_P_6|KM_P_5|KM_P_8|KM_P_7|KM_P_9|KM_P_10|KM_P_2|KM_P_1|KM_P_12|KM_P_11|KM_P_3|KM_P_4,2,2,3,2,1|4|2|3,3,1,3,2,4|2|3|1,4,4,3,3,3|1|2,4,4,5,PPI_7|PPI_5|PPI_8,6,6,7,1,1|3|2,3,5|4|2|7|3|9|6,1,"IOS|PPRMotive(adaptedReisetal.,2018)|SEPshortadapted Lewandowski&Ackerman,2006",KM_CSR|KM_P|KM_L|KM_P|KM_PA
3/3/2023 17:06,3/3/2023 17:15,0,129.215.52.7,100,489,1,3/3/2023 17:15,R_1Io5oEa66xbqbhc,,,,,55.9335,-3.254,anonymous,EN,1,1,1,1,1,1,1,2184,1367,0,0,180.801,0,1,1,1,1,1,1,1,1,1,5,1,1,KM_P_10|KM_P_2|KM_P_8|KM_P_4|KM_P_11|KM_P_7|KM_P_1|KM_P_5|KM_P_3|KM_P_6|KM_P_12|KM_P_9,1,1,1,5,3|4|2|1,1,1,1,1,1|4|3|2,6,5,2,2,1|3|2,5,5,5,PPI_5|PPI_7|PPI_8,5,7,7,1,1|2|3,3,3|7|9|4|5|2|6,2,"IOS|SEPshortadapted Lewandowski&Ackerman,2006|PPRMotive(adaptedReisetal.,2018)",KM_L|KM_P|KM_P|KM_CSR|KM_PA
3/3/2023 17:06,3/3/2023 17:15,0,129.215.52.12,100,511,1,3/3/2023 17:15,R_22n5La1TuzWuAqf,,,,,55.9335,-3.254,anonymous,EN,1,1,1,1,1,1,1,2184,1368,0,0,183.685,0,1,1,1,1,1,3,1,3,1,6,1,1,KM_P_6|KM_P_5|KM_P_9|KM_P_2|KM_P_12|KM_P_1|KM_P_8|KM_P_7|KM_P_11|KM_P_3|KM_P_4|KM_P_10,2,5,2,3,3|4|2|1,6,1,5,2,4|2|3|1,6,6,4,4,3|2|1,4,4,4,PPI_5|PPI_7|PPI_8,2,5,3,3,2|1|3,3,4|7|2|9|3|5|6,2,"SEPshortadapted Lewandowski&Ackerman,2006|PPRMotive(adaptedReisetal.,2018)|IOS",KM_P|KM_CSR|KM_PA|KM_P|KM_L
3/6/2023 12:58,3/6/2023 13:13,0,129.215.52.7,100,918,1,3/6/2023 13:13,R_2P4DrnJ38VFd9cz,,,,,55.9335,-3.254,anonymous,EN,1,1,1,1,1,1,1,1407,2204,0,0,13.423,0,,,,,,,,,,,,,KM_P_7|KM_P_10|KM_P_1|KM_P_8|KM_P_12|KM_P_6|KM_P_11|KM_P_5|KM_P_3|KM_P_2|KM_P_4|KM_P_9,,,,,2|3|4|1,,,,,1|4|3|2,,,,,1|3|2,,,,PPI_5|PPI_7|PPI_8,,,,,1|2|3,,2|4|5|9|7|3|6,,"SEPshortadapted Lewandowski&Ackerman,2006|PPRMotive(adaptedReisetal.,2018)|IOS",KM_P|KM_CSR|KM_PA|KM_L|KM_P
3/6/2023 12:59,3/6/2023 13:14,0,129.215.52.12,100,930,1,3/6/2023 13:14,R_9WZyJVv8sXUVx6N,,,,,55.9335,-3.254,anonymous,EN,1,1,1,1,1,1,1,2204,1408,0,0,182.284,0,1,1,4,1,1,1,1,1,1,4,1,3,KM_P_2|KM_P_4|KM_P_9|KM_P_10|KM_P_1|KM_P_5|KM_P_12|KM_P_3|KM_P_11|KM_P_6|KM_P_8|KM_P_7,4,3,3,3,3|4|2|1,3,3,4,3,3|1|2|4,5,5,4,4,3|1|2,5,5,5,PPI_7|PPI_5|PPI_8,4,7,7,1,2|3|1,3,4|3|9|7|2|5|6,1,"SEPshortadapted Lewandowski&Ackerman,2006|PPRMotive(adaptedReisetal.,2018)|IOS",KM_L|KM_CSR|KM_PA|KM_P|KM_P
3/6/2023 13:13,3/6/2023 13:19,0,129.215.52.7,100,333,1,3/6/2023 13:19,R_1QnkNNQKEuk49Mw,,,,,55.9335,-3.254,anonymous,EN,1,1,1,1,1,1,1,1407,2204,0,0,177.859,0,6,6,5,5,7,5,5,4,3,4,7,5,KM_P_10|KM_P_6|KM_P_2|KM_P_1|KM_P_5|KM_P_8|KM_P_12|KM_P_11|KM_P_4|KM_P_9|KM_P_7|KM_P_3,5,7,7,7,1|3|4|2,6,6,6,5,1|3|4|2,7,7,6,6,1|3|2,5,5,5,PPI_7|PPI_5|PPI_8,7,7,6,1,2|1|3,3,5|7|2|3|4|9|6,1,"IOS|SEPshortadapted Lewandowski&Ackerman,2006|PPRMotive(adaptedReisetal.,2018)",KM_CSR|KM_P|KM_P|KM_PA|KM_L
3/6/2023 17:04,3/6/2023 17:11,0,129.215.52.7,100,417,1,3/6/2023 17:11,R_3hllWqws1mmpQxj,,,,,55.9335,-3.254,anonymous,EN,1,1,1,1,1,1,1,2185,1369,0,0,182.218,0,3,4,7,6,3,5,7,6,3,7,3,5,KM_P_8|KM_P_10|KM_P_2|KM_P_6|KM_P_9|KM_P_7|KM_P_4|KM_P_3|KM_P_11|KM_P_5|KM_P_12|KM_P_1,7,7,7,6,3|4|2|1,7,6,7,6,2|1|3|4,6,7,6,5,2|1|3,5,5,5,PPI_5|PPI_7|PPI_8,6,7,6,1,3|2|1,3,4|7|9|5|3|2|6,1,"PPRMotive(adaptedReisetal.,2018)|SEPshortadapted Lewandowski&Ackerman,2006|IOS",KM_PA|KM_P|KM_CSR|KM_P|KM_L
3/6/2023 17:04,3/6/2023 17:12,0,129.215.52.12,100,504,1,3/6/2023 17:12,R_AGq9iq4ywCkEEM1,,,,,55.9335,-3.254,anonymous,EN,1,1,1,1,1,1,1,2185,1370,0,0,189.001,0,1,1,1,1,5,5,1,6,1,5,1,1,KM_P_3|KM_P_1|KM_P_8|KM_P_10|KM_P_6|KM_P_12|KM_P_9|KM_P_11|KM_P_5|KM_P_4|KM_P_2|KM_P_7,5,2,5,5,4|2|3|1,6,7,7,1,4|1|3|2,6,6,6,6,1|2|3,5,5,5,PPI_5|PPI_8|PPI_7,4,7,7,1,1|3|2,3,2|3|7|9|5|4|6,1,"PPRMotive(adaptedReisetal.,2018)|SEPshortadapted Lewandowski&Ackerman,2006|IOS",KM_L|KM_P|KM_P|KM_PA|KM_CSR
3/8/2023 11:37,3/8/2023 12:10,0,129.215.52.12,100,1952,1,3/8/2023 12:10,R_scYcMU5f7eT23aF,,,,,55.9335,-3.254,anonymous,EN,1,1,1,1,1,1,1,2125,1250,0,0,181.052,0,4,1,2,4,5,2,1,1,4,7,6,5,KM_P_10|KM_P_7|KM_P_5|KM_P_2|KM_P_6|KM_P_4|KM_P_11|KM_P_9|KM_P_8|KM_P_12|KM_P_3|KM_P_1,5,7,4,6,4|3|2|1,7,4,7,7,1|3|2|4,7,7,6,4,1|2|3,3,4,5,PPI_5|PPI_7|PPI_8,3,5,7,2,1|3|2,3,2|5|7|4|9|3|6,2,"IOS|PPRMotive(adaptedReisetal.,2018)|SEPshortadapted Lewandowski&Ackerman,2006",KM_PA|KM_P|KM_P|KM_L|KM_CSR
3/8/2023 11:37,3/8/2023 12:10,0,129.215.52.7,100,1996,1,3/8/2023 12:10,R_1n1ITVwMZzelaoH,,,,,55.9335,-3.254,anonymous,EN,1,1,1,1,1,1,1,2125,1249,0,0,185.017,0,2,2,3,2,7,6,4,6,1,5,1,1,KM_P_6|KM_P_2|KM_P_11|KM_P_9|KM_P_4|KM_P_7|KM_P_10|KM_P_5|KM_P_12|KM_P_3|KM_P_1|KM_P_8,3,3,3,3,4|3|1|2,4,3,4,3,2|3|1|4,7,6,6,6,3|2|1,5,5,5,PPI_5|PPI_8|PPI_7,3,4,5,3,3|2|1,3,3|5|9|4|2|7|6,1,"SEPshortadapted Lewandowski&Ackerman,2006|IOS|PPRMotive(adaptedReisetal.,2018)",KM_P|KM_L|KM_PA|KM_P|KM_CSR
3/10/2023 12:06,3/10/2023 12:19,0,129.215.52.12,100,737,1,3/10/2023 12:19,R_1mhkGizETwKclGx,,,,,55.9335,-3.254,anonymous,EN,1,1,1,1,2,1,1,,,,,,,,,,,,,,,,,,,,,,,,,,,,,,,,,,,,,,,,,,,,,,,,
3/10/2023 12:07,3/10/2023 12:25,0,129.215.52.7,100,1078,1,3/10/2023 12:25,R_2TF637iFY2GdUGa,,,,,55.9335,-3.254,anonymous,EN,1,1,1,1,1,1,1,2155,1309,0,0,187.193,0,7,7,5,5,5,6,7,7,4,7,3,2,KM_P_5|KM_P_4|KM_P_7|KM_P_12|KM_P_6|KM_P_2|KM_P_3|KM_P_9|KM_P_1|KM_P_11|KM_P_8|KM_P_10,6,6,6,6,1|3|2|4,7,7,7,7,3|2|1|4,6,6,6,6,1|3|2,5,5,5,PPI_7|PPI_8|PPI_5,6,7,7,1,3|1|2,3,7|3|4|5|9|2|6,2,"IOS|PPRMotive(adaptedReisetal.,2018)|SEPshortadapted Lewandowski&Ackerman,2006",KM_P|KM_P|KM_PA|KM_L|KM_CSR
3/10/2023 12:21,3/10/2023 12:27,0,129.215.52.12,100,350,1,3/10/2023 12:27,R_1DCDaP2wJ8kzsvr,,,,,55.9335,-3.254,anonymous,EN,1,1,1,1,1,1,1,2155,1310,0,0,150.618,0,5,4,4,2,4,5,5,6,4,5,4,4,KM_P_5|KM_P_1|KM_P_7|KM_P_4|KM_P_2|KM_P_12|KM_P_9|KM_P_10|KM_P_3|KM_P_8|KM_P_6|KM_P_11,6,5,5,5,1|4|3|2,4,3,6,4,4|3|2|1,6,7,7,7,3|1|2,4,4,4,PPI_5|PPI_7|PPI_8,6,6,6,2,2|3|1,3,5|4|9|3|2|7|6,2,"PPRMotive(adaptedReisetal.,2018)|SEPshortadapted Lewandowski&Ackerman,2006|IOS",KM_P|KM_L|KM_CSR|KM_P|KM_PA
3/10/2023 13:10,3/10/2023 14:11,0,129.215.52.12,100,3700,1,3/10/2023 14:11,R_2fpGUF9DQJHMqxb,,,,,55.9335,-3.254,anonymous,EN,1,1,1,1,1,1,1,2187,1373,0,0,178.731,0,1,1,1,1,4,1,1,1,1,6,1,1,KM_P_10|KM_P_8|KM_P_1|KM_P_5|KM_P_4|KM_P_6|KM_P_9|KM_P_3|KM_P_7|KM_P_12|KM_P_2|KM_P_11,5,4,5,5,2|3|4|1,1,1,1,1,2|4|1|3,7,4,3,5,3|2|1,5,5,5,PPI_5|PPI_8|PPI_7,4,7,7,1,3|2|1,3,7|3|9|2|4|5|6,2,"IOS|SEPshortadapted Lewandowski&Ackerman,2006|PPRMotive(adaptedReisetal.,2018)",KM_CSR|KM_P|KM_L|KM_PA|KM_P
3/10/2023 13:13,3/10/2023 14:12,0,129.215.52.7,100,3527,1,3/10/2023 14:12,R_2w02gdNqc7LRjoP,,,,,55.9335,-3.254,anonymous,EN,1,1,1,1,1,1,1,2187,1374,0,0,185.423,0,1,1,2,5,3,4,1,2,2,6,2,2,KM_P_12|KM_P_11|KM_P_1|KM_P_9|KM_P_10|KM_P_8|KM_P_5|KM_P_3|KM_P_7|KM_P_2|KM_P_4|KM_P_6,3,2,5,5,3|2|1|4,3,3,6,4,2|4|3|1,6,6,6,6,3|1|2,5,5,5,PPI_5|PPI_8|PPI_7,4,6,7,2,1|3|2,3,4|9|3|5|7|2|6,1,"SEPshortadapted Lewandowski&Ackerman,2006|IOS|PPRMotive(adaptedReisetal.,2018)",KM_PA|KM_L|KM_P|KM_CSR|KM_P
